Season,Row ID,Team,Wins,1 TS,1% TS,1% SC,2 TS,2% TS,2% SC,3 TS,3% TS,3% SC,4 TS,4% TS,4% SC,5 TS,5% TS,5% SC,6 TS,6% TS,6% SC,7 TS,7% TS,7% SC,8 TS,8% TS,8% SC,9 TS,9% TS,9% SC,10 TS,10% TS,10% SC
2016-17,0,Utah Jazz,0.6219512195121951,16073140.0,19.942308135866025,17.0731121804064,27123140.0,33.652292924234665,28.81057540125129,38123140.0,47.3002415823392,40.49492792878918,48277635.0,59.89915307406457,51.28117332143653,56277635.0,69.82493391632241,59.77888425055501,63277635.0,78.50999215329801,67.21438131353366,67217955.0,83.39883624934369,71.39984385456167,69651289.0,86.41792874934552,73.98456497031111,71991889.0,89.32196407926911,76.47078274539795,74241889.0,92.11358994115412,78.86076394421254
2016-17,1,Denver Nuggets,0.4878048780487805,15050000.0,18.22607666672597,15.986318685404118,27128652.0,32.85374692471287,28.81643032408145,38328652.0,46.4173388627415,40.7132256248473,46398827.0,56.190603199212944,49.28547741202214,51398827.0,62.24577817154715,54.59654674272117,55939352.0,67.7445128397987,59.419555357275634,59472685.0,72.02350274990322,63.172710663565,62972685.0,76.26212523053717,66.89045919505433,66214485.0,80.18805847559977,70.33394410630636,69425325.0,84.0764980772337,73.74454287626271
2016-17,2,Portland Trailblazers,0.5,24328425.0,21.746512073429702,25.841990376342373,42828425.0,38.28315484247248,45.49294689992883,59221868.0,52.93680406656247,62.906289368301415,68435352.0,61.17248479987552,72.69297982855868,77424116.0,69.20729448653671,82.24096958881701,85105081.0,76.07309850418648,90.39979711715156,92505081.0,82.68775561180358,98.26017972658614,99171748.0,88.64690645716391,105.34160585492285,102391327.0,91.5247998512024,108.76148731185538,105142687.0,93.98416511871773,111.6840200545978
2016-17,3,Minnesota Timberwolves,0.3780487804878049,13550000.0,16.601042724357793,14.392997886194406,25650000.0,31.42559010182859,27.24578566648609,33650000.0,41.22694373982581,35.743496595604554,41293979.0,50.592111412378856,43.86303708188607,47300579.0,57.95121275762812,50.243330890241445,53260739.0,65.2534172450088,56.57429548665328,57172119.0,70.0455195690825,60.729017558395206,61044639.0,74.79001181785962,64.84246199929893,64844639.0,79.4456547959083,68.87887469063021,68344639.0,83.73374701253208,72.59662322211953
2016-17,4,Oklahoma City Thunder,0.573170731707317,26540100.0,29.05639896952428,28.19126222873713,43685938.0,47.827854600619496,46.40380909892398,52635938.0,57.62641492168997,55.910623200875264,59188898.0,64.80066898219968,62.87126817713479,65183662.0,71.36380380505797,69.23898962217054,70021162.0,76.65995302887679,74.37744919962185,73771162.0,80.76549506284486,78.36075119764614,76911679.0,84.20376827668255,81.69665190189393,79469224.0,87.00379721035318,84.41331166417046,81952264.0,89.72225723489294,87.05083118235025
2016-17,5,Phoenix Suns,0.2926829268292683,14000000.0,16.448184260267233,14.87099412595732,26606250.0,31.258893033909647,28.261527675982283,39021250.0,45.84490786185377,41.44891282410801,49491250.0,58.14579994792505,52.5702920025918,55119250.0,64.75797002055248,58.54843164122664,59942871.0,70.4250990926735,63.67214875242981,64219191.0,75.44922047237822,68.2145151524808,68219191.0,80.14870168959743,72.46337061704004,71552525.0,84.06493682052698,76.0040842123153,74493965.0,87.5207473284213,79.12852256673358
2016-17,6,Los Angeles Clippers,0.6219512195121951,22868827.0,19.67421781573993,24.29158514175244,44034502.0,37.8832016069576,46.774058612961134,64175340.0,55.21051069034573,68.16793601223671,77428352.0,66.61217308442545,82.24546912675397,88428352.0,76.07555290592391,93.92982165429189,95805852.0,82.42246969075163,101.7663044517383,101433852.0,87.26427893033284,107.74444409037316,104933852.0,90.27535432808234,111.46219262186248,107136852.0,92.17061121415152,113.8022497689685,108688511.0,93.50551471146484,115.45044347428912
2016-17,7,Los Angeles Lakers,0.3170731707317073,18000000.0,18.90236427937052,19.119849590516555,34000000.0,35.7044658610332,36.1152714487535,46500000.0,48.83110772170717,49.3929447755011,54208427.0,56.92596856475913,57.580942821027584,61808427.0,64.90696681604891,65.65376820369013,67999427.0,71.40832999680352,72.2299342489617,73443345.0,77.12515894919363,78.01253943468977,78776145.0,82.7252994063618,83.67711354004015,84057825.0,88.27175714897656,89.28738727255346,87324945.0,91.70266228144418,92.75776743889614
2016-17,8,Golden State Warriors,0.8170731707317073,26540100.0,26.08989563088202,28.19126222873713,43203675.0,42.47080348681982,45.89154265319779,58534110.0,57.54118563029407,62.17574328415283,70646469.0,69.44808056112608,75.04165896561614,81777837.0,80.39062521427131,86.8655524043211,87560287.0,86.07498650118409,93.00775097458124,90458287.0,88.92382721912773,96.0860467586544,92009946.0,90.44916515548512,97.734240463975,93561605.0,91.97450309184252,99.38243416929564,94965216.0,93.3543043923786,100.87336923616202
2016-17,9,Sacremento Kings,0.3902439024390244,13333333.0,13.882656964021942,14.162851194459492,25833333.0,26.89764819316729,27.4405245212071,36494619.0,37.9981716956801,38.76509034128932,44541119.0,46.376181849705546,47.31219421518328,52541119.0,54.705776236358574,55.80990514430175,60541119.0,63.0353706230116,64.30761607342022,66666119.0,69.41271632529282,70.81367600352655,71895573.0,74.85762016075034,76.36847455466683,77095573.0,80.2718565120748,81.89198665859384,81104455.0,84.4459016375691,86.15027670671212
2016-17,10,Dallas Mavericks,0.4146341463414634,25000000.0,24.039831115378448,26.555346653495214,47116750.0,45.3071485082203,50.04806517744282,64216750.0,61.750392991139165,68.21192228843356,73216750.0,70.40473219267541,77.77184708369182,81591750.0,78.45807561632719,86.66788821261274,85976240.0,82.67417158140982,91.32515428656406,90204240.0,86.73978781964263,95.81619451260318,94301190.0,90.67938726316862,100.16803161148466,97199190.0,93.4660844860633,103.2463273955578,98250151.0,94.47668148401726,104.36267274252997
2016-17,11,San Antonio Spurs,0.7439024390243902,20575005.0,18.938592959626032,21.85505560689589,38213068.0,35.17383060614132,40.59045069734341,53713068.0,49.44105391297423,57.05476562251044,68158381.0,62.73747367478689,72.39877739184007,82158381.0,75.62399795192628,87.2697715177974,92158381.0,84.828658149883,97.89191017919548,95737329.0,88.12295817049868,101.6935183709888,98635329.0,90.79046869586654,104.77181415506196,100516579.0,92.52209539560714,106.7701039907375,102068238.0,93.95034477941726,108.41829769605812
2016-17,12,Houston Rockets,0.6707317073170732,26540100.0,29.326628883119987,28.19126222873713,45275464.0,50.0290778949235,48.09222565671372,57660828.0,63.714820360488986,61.24813103470253,65467799.0,72.34146989151111,69.54080388345389,72467799.0,80.07642198972626,76.97630094643256,78467799.0,86.70638093105353,83.3495841432714,81365799.0,89.9086510997146,86.42787992734458,83086359.0,91.80985812572962,88.25548261687008,84586359.0,93.46734786106144,89.84880341607979,85882599.0,94.8996841907458,91.22568751792484
2016-17,13,New Orleans Pelicans,0.4146341463414634,22116750.0,21.745470874652117,23.49271852394761,39074650.0,38.4186945872348,41.505635044559874,50361168.0,49.51574313393523,53.494330964596415,61602386.0,60.56825214247469,65.43490859649683,71506880.0,70.30647705369205,75.95559946039535,79588243.0,78.25217629720618,84.53973529630457,84188243.0,82.77495500670915,89.42591908054767,87806221.0,86.33219715232875,93.26898547953644,90806221.0,89.28183544113503,96.45562707795588,93784471.0,92.21008885234748,99.61916552478677
2016-17,14,Memphis Grizzlies,0.524390243902439,26540100.0,23.865024319168445,28.19126222873713,48656850.0,43.75254458514215,51.68398075268475,69822525.0,62.784852248135714,74.16645422389344,80183970.0,72.10192855556207,85.17252477613843,85883970.0,77.22740429300315,91.22714381313534,91389588.0,82.17809051732226,97.07528759440426,95653645.0,86.01235730619345,101.60462806581477,98986585.0,89.00935785081572,105.14492314882678,101884585.0,91.61525762048312,108.22321893289994,103678345.0,93.22821785886777,110.12857567742688
2016-17,15,Atlanta Hawks,0.524390243902439,23180275.0,24.144296394282723,24.622409525933957,43252308.0,45.05108520450278,45.943201300149774,58982646.0,61.435616581039454,62.65218444281572,67382646.0,70.18495582364874,71.57478091839012,72220146.0,75.22363779818711,76.71324049584143,76220146.0,79.38998981847725,80.96209596040067,80070146.0,83.4001036380065,85.05161934503893,82778728.0,86.22133015996187,87.92871270301562,85278728.0,88.8253001726432,90.58424736836514,87597008.0,91.23999281304276,93.04675652995974
2016-17,16,Miami Heat,0.5,23741060.0,23.317061389834183,25.218083128857167,45857810.0,45.0388218122254,48.710801652804776,61747810.0,60.64503760395775,65.58937998576634,67747810.0,66.5378818299108,71.9626631826052,73530260.0,72.21706134563784,78.10486175286532,79158260.0,77.7445492295818,84.08300139150016,83756260.0,82.2604321880705,88.96706074801101,87756260.0,86.18899500537253,93.21591621257024,91756260.0,90.11755782267456,97.46477167712946,94654260.0,92.9638015838099,100.54306746120264
2016-17,17,Washington Wizards,0.5975609756097561,22116750.0,21.612237810748688,23.49271852394761,39074650.0,38.18330578280133,41.505635044559874,55018804.0,53.76375263594204,58.44173650722837,67018804.0,65.49001683520207,71.18830290090607,74418804.0,72.72121309141242,79.04868551034066,80312785.0,78.48074462403066,85.30935385530523,85312785.0,83.36668804038901,90.62042318600427,89043438.0,87.01223993320251,94.58317453236036,92430036.0,90.32158517359298,98.18046588700167,95300849.0,93.12691114898216,101.2298832626961
2016-17,18,Charlotte Hornets,0.43902439024390244,20869566.0,23.143167944845946,22.1679423855199,33869566.0,37.55943243654631,35.97672264533741,46119566.0,51.14398936141781,48.98884250555007,58119566.0,64.45131043067968,61.73540889922777,64631194.0,71.67233747064599,68.652150451972,70964527.0,78.69564544310862,75.37950458345283,76964527.0,85.34930597773956,81.75278778029168,82282840.0,91.24701419755868,87.4019735933633,85012840.0,94.27442974081576,90.30181744792498,86564499.0,95.99513178273324,91.9500111532456
2016-17,19,Orlando Magic,0.35365853658536583,17000000.0,16.328830213361332,18.05763572437675,34000000.0,32.657660426722664,36.1152714487535,49000000.0,47.065451791453256,52.04847944085063,60750000.0,58.35155502715888,64.52949236799337,70750000.0,67.9567492703126,75.15163102939145,78000000.0,74.92051509659905,82.85268155890508,84540000.0,81.20231213162158,89.79956024345942,89540000.0,86.00490925319845,95.11062957415844,93891320.0,90.18443663461042,99.73266201416992,97801160.0,93.93991390057565,103.885748276558
2016-17,20,Milwaukee Bucks,0.5121951219512195,17100000.0,16.054510828866135,18.16385711099073,32300000.0,30.325187121191583,34.30950787631582,44817606.0,42.07747022519625,47.60588254039068,57317606.0,53.81322375506916,60.8835558671383,67817606.0,63.6712567201624,72.03680146160629,77425106.0,72.69135688322272,82.24202118054448,83773865.0,78.6519545507877,88.9857610231244,89148185.0,83.69769014364103,94.69443824819687,92143606.0,86.50997194957746,97.87621596932328,94712206.0,88.92152847092399,100.60461850588996
2016-17,21,Boston Celtics,0.6463414634146342,26540100.0,28.395663469987504,28.19126222873713,38540100.0,41.234649066871086,40.937828622414834,46809763.0,50.08248941254451,49.72197932931817,54809763.0,58.64181314380024,58.21969025843663,61396895.0,65.68948754986448,65.21663320692988,67683303.0,72.41541269720896,71.8941429527421,72683303.0,77.76499002924379,77.20521228344114,77426303.0,82.83959908641202,82.24329265054226,81005183.0,86.66869815082659,86.0448286117927,84099197.0,89.97903158270627,89.33133318462339
2016-17,22,Detroit Pistons,0.45121951219512196,22116750.0,20.29646275283512,23.49271852394761,39316750.0,36.08084153130682,41.76279702155232,54273272.0,49.80638853459433,57.64982207917743,65265229.0,59.89366834881954,69.32563122058995,72265229.0,66.31754343308128,76.76112828356861,78765229.0,72.28257029703862,83.66551841347737,84765229.0,77.78874894069153,90.03880161031623,90165229.0,82.74430971997916,95.7747564874712,94790229.0,86.98865575779494,100.6874956183678,98468548.0,90.36423601151874,104.59465706425333
2016-17,23,Chicago Bulls,0.5,23200000.0,25.061739649639257,24.64336169444356,40752209.0,44.02246776317611,43.2875614756275,54752209.0,59.14593134485497,58.15855560158483,67971459.0,73.42599177000557,72.20022625155349,73753909.0,79.67246834056834,78.34242482181362,77241909.0,83.44037126720376,82.04742678690927,80425435.0,86.87936694737003,85.42901224732587,82537915.0,89.16136797215752,87.6729177952689,84630115.0,91.42146157969955,89.89528164600661,86339835.0,93.26838216219012,91.71136993722315
2016-17,24,Indiana Pacers,0.5121951219512195,18314532.0,19.48178220132085,19.45394984226124,32468184.0,34.537496735401724,34.488155253178675,43238184.0,45.99390710440409,45.92819859150442,53468363.0,56.876091762932425,56.79483657839669,62268363.0,66.23694703194086,66.142318600427,69268363.0,73.68308190501574,73.57781566340566,73851813.0,78.55865145987218,78.44641980816418,77851813.0,82.81358567305783,82.6952752727234,81851813.0,87.06851988624348,86.94413073728265,84551813.0,89.94060048014379,89.81210817586013
2016-17,25,Philadelphia 76ers,0.34146341463414637,11027027.0,12.870872849522216,11.713060981698057,20451111.0,23.870772177529368,21.72345368216437,29451111.0,34.37567577898967,31.283378477422648,38001111.0,44.35533420037695,40.36530703291801,46001111.0,53.693026290563886,48.86301796203647,52501111.0,61.279901113840765,55.76740809194524,58404271.0,68.17013741872925,62.03782649798711,63230431.0,73.80328692597632,67.1642405701964,68019271.0,79.39287609962267,72.25101282092137,71019271.0,82.89451063344276,75.43765441934079
2016-17,26,Brooklyn Nets,0.24390243902439024,21165675.0,25.172317841273745,22.482473471208696,32648929.0,38.82934127851721,34.68014509841412,41898929.0,49.83035778433534,44.50562336020735,47987922.0,57.071991567774376,50.973436155635575,53487922.0,63.61313651717975,56.81561241940452,58487922.0,69.55963192573009,62.126681750103565,62835748.0,74.73049739496524,66.74500281486675,66169081.0,78.69482727089911,70.28571534792816,69169081.0,82.26272451602931,73.47235694634757,71669081.0,85.23597222030448,76.1278916116971
2016-17,27,New York Knicks,0.3780487804878049,24559380.0,23.706904831575663,26.087313979796694,45882630.0,44.2900082507131,48.737165800962366,62882630.0,60.69992503756954,66.79480152533911,74124630.0,71.55170647979543,78.73620980848284,80315630.0,77.52781205787944,85.31237585375439,85152948.0,82.19722299032432,90.45064210828208,89470668.0,86.36507157320348,95.03698416239126,93370668.0,90.1296995419529,99.17961824033652,96268668.0,92.92710770950056,102.25791402440969,97820327.0,94.42490741959332,103.90610772973032
2016-17,28,Toronto Raptors,0.6219512195121951,26540100.0,24.42378647344941,28.19126222873713,40922122.0,37.6589828134953,43.468045420264914,55122122.0,50.72667162864602,58.5514823194502,67372122.0,61.9998538811528,71.56360217966285,79372122.0,73.04297118973088,84.31016857334056,86702122.0,79.78847534572066,92.09619621214536,92752122.0,85.35604698879544,98.5225901022912,98052122.0,90.2334238000841,104.15232359283218,100756082.0,92.721769423226,107.02450739831956,102677402.0,94.48988293550242,109.06536014361131
2016-17,29,Boston Celtics,0.6463414634146342,26540100.0,28.395663469987504,28.19126222873713,38540100.0,41.234649066871086,40.937828622414834,46809763.0,50.08248941254451,49.72197932931817,54809763.0,58.64181314380024,58.21969025843663,61396895.0,65.68948754986448,65.21663320692988,67683303.0,72.41541269720896,71.8941429527421,72683303.0,77.76499002924379,77.20521228344114,77426303.0,82.83959908641202,82.24329265054226,81005183.0,86.66869815082659,86.0448286117927,84099197.0,89.97903158270627,89.33133318462339
2017-18,0,Utah Jazz,0.5853658536585366,21974719.0,20.70339923448544,22.17585399574137,36249719.0,34.15253704017386,36.5815133258656,50386083.0,47.47105945750295,50.84726771820412,62386083.0,58.77681453058604,62.95710393266931,73231589.0,68.99486740389045,73.90187904291928,80027706.0,75.3978035913918,80.76020102328117,85277706.0,80.34407143586566,86.05825436710968,90270091.0,85.04762827257682,91.09633475623907,94270091.0,88.81621329693785,95.1329468277275,97470091.0,91.83108131642666,98.3622364849182
2017-18,1,Denver Nuggets,0.5609756097560976,31269231.0,29.219428757239285,31.555438830189814,45310327.0,42.34008414673568,45.72505323282169,58231675.0,54.41439474725848,58.76467056199731,70248529.0,65.6435039421455,70.89151504142573,77713441.0,72.61906609661807,78.4247535143754,82449491.0,77.04465224441054,83.20415266466854,86852037.0,81.15859669022915,87.64699524688928,90385370.0,84.46030794334895,91.21266890698637,93740690.0,87.59567554153965,94.59870021091298,96290745.0,89.97856594263527,97.17209590990282
2017-18,2,Portland Trailblazers,0.5975609756097561,26153057.0,21.928477850851863,26.392436398131046,50115630.0,42.02030693530347,50.57433925706155,67246778.0,56.38421091324629,67.86228896087513,77409700.0,64.90548664697543,78.1182323675739,87314195.0,73.21007984353264,88.11338338732301,94633230.0,79.34684989252193,95.49940964548456,100985761.0,84.67323813579115,101.91008547526062,104043001.0,87.23663329165146,104.9953084476199,106990306.0,89.7078515669072,107.96959018295944,109834735.0,92.09281170081508,110.84005429243236
2017-18,3,Minnesota Timberwolves,0.573170731707317,19301070.0,18.350526316209805,19.47773303866065,38301070.0,36.41480979935277,38.65164037823055,52413430.0,49.832160939151066,52.89317106152806,66413430.0,63.142685610940624,67.02131331173746,73987752.0,70.34398560044623,74.6649632163725,81287752.0,77.28447346502222,82.03178024683882,87504592.0,83.19514505077709,88.3055230944668,91832592.0,87.30999867788461,92.67313735581726,95782591.0,91.06546718810203,96.65929076725904,98030071.0,93.20226275877016,98.92734199186624
2017-18,4,Oklahoma City Thunder,0.5853658536585366,28530608.0,21.326892395263588,28.79174916492588,54774368.0,40.944344836765104,55.27571876923698,77246278.0,57.74230464491387,77.9533145630872,96755236.0,72.32543052886687,97.64083840432724,106014495.0,79.24681195729195,106.98484756743665,111739495.0,83.5263022143129,112.76224859475444,116931495.0,87.40737005963217,118.00177106354636,121597995.0,90.89562181236374,122.71098362144652,124040450.0,92.72137943257546,125.17579445571332,126369102.0,94.46206826156975,127.52576064908725
2017-18,5,Phoenix Suns,0.25609756097560976,16384175.0,17.70905415659293,16.534139646594614,30002925.0,32.42906180391725,30.277542308740276,43002925.0,46.48028525799462,43.39653154107757,53002925.0,57.28891868420799,53.48806171979857,59002925.0,63.774098739936,59.542979827031175,64092965.0,69.27573638841231,64.67960905412087,68561765.0,74.10589849391855,69.18931206038772,72749364.0,78.63212074661631,73.4152402288759,76157884.0,82.31626506720798,76.85495847335332,79490224.0,85.91806921835877,80.21779944092923
2017-18,6,Los Angeles Clippers,0.5121951219512195,22642350.0,18.998723827736782,22.849595834216345,43201949.0,36.2498547134449,43.59737721130655,59201949.0,49.67512113869619,59.74382549726015,71026949.0,59.59723210610847,71.67705993359773,79835938.0,66.98867112249022,80.56667776734986,86835938.0,72.86222518353766,87.63074889245456,93835938.0,78.7357792445851,94.69482001755928,99835938.0,83.77025415405434,100.74973812479186,105717198.0,88.70509680506518,106.68482940268234,111230712.0,93.33137145439974,112.2488086948624
2017-18,7,Los Angeles Lakers,0.4268292682926829,22642350.0,22.141821504062413,22.849595834216345,40388244.0,39.4954273523075,40.75791831915473,57578244.0,56.30542771246592,58.105258696376126,64999156.0,63.5622941111107,65.59409443653941,71878522.0,70.28958584686762,72.53642739648612,78165082.0,76.4371760658413,78.88052839252015,84426477.0,82.56015757864492,85.19923405285944,89945877.0,87.95754652500085,90.7691532197027,94095119.0,92.01506598482544,94.95637330588436,95619424.0,93.50567492019432,96.49463029679193
2017-18,8,Golden State Warriors,0.7073170731707317,34682550.0,25.620228020106943,35.0,59682550.0,44.08789260943713,60.2288254468025,77508700.0,57.25618697420066,78.21813851634325,93908700.0,69.37097494480126,94.76824800944568,108723515.0,80.31477631972037,109.71866327591252,116415823.0,85.99713488219322,117.48137910851422,121607823.0,89.83249946410531,122.72090157730618,125085423.0,92.40142547913948,126.23033211225818,126556805.0,93.4883450494906,127.71518169800086,128028187.0,94.57526461984172,129.20003128374356
2017-18,9,Sacremento Kings,0.32926829268292684,12307692.0,12.863010815817894,12.4203445248403,22644771.0,23.66649525310833,22.85203899367261,32149771.0,33.60035757305825,32.444038428546925,41620385.0,43.49828240855432,42.00133712774868,50013385.0,52.26997167224077,50.47115840674922,58013385.0,60.630928911546334,58.544382549726016,66013385.0,68.9918861508519,66.61760669270281,70622585.0,73.8090516642778,71.2689947826789,74326745.0,77.68034208522107,75.00705902536001,78002225.0,81.52165847446142,78.71618075948857
2017-18,10,Dallas Mavericks,0.2926829268292683,23112004.0,26.83191775410293,23.323548585672047,40996180.0,47.59458028790577,41.37141876822783,49999305.0,58.04677255690624,50.456949532257575,56020480.0,65.03706523698109,56.53323645464362,61020480.0,70.8418231788071,61.57900154400412,65208079.0,75.70342288929365,65.80492971249231,69111979.0,80.23566179511256,69.74456217896319,72406973.0,84.06099031306638,73.06971531793366,75625253.0,87.79725759087034,76.31745229229108,78653663.0,91.3130949905914,79.37358138314514
2017-18,11,San Antonio Spurs,0.573170731707317,21461010.0,18.47641269762611,21.65744300808332,40329635.0,34.72096514584479,40.698772869930266,56329635.0,48.495834229919474,56.84522115588386,71782761.0,61.7998834542764,72.43978989434167,82497047.0,71.02412639048478,83.25214394558647,92497047.0,79.63341956803146,93.34367412430748,100903047.0,86.8703914130772,101.82661439254036,103403047.0,89.02271470746388,104.3494969372206,105554751.0,90.87517976419387,106.52089552238806,107436001.0,92.49480304321985,108.41936463725996
2017-18,12,Houston Rockets,0.7926829268292683,28299399.0,23.927492071630454,28.55842390481669,52898894.0,44.72666952337114,53.38307852219633,72477349.0,61.28049551760069,73.14073547071942,85420369.0,72.22397910299253,86.20222316409837,93010404.0,78.64144762541231,93.86172989010323,100431316.0,84.91592055836284,101.35056563026652,103908916.0,87.8562743951458,104.85999616521852,107198916.0,90.63801011029877,108.18010959401774,109533436.0,92.61187566097928,110.53599749730051,111004818.0,93.85594735095896,112.0208470830432
2017-18,13,New Orleans Pelicans,0.5853658536585366,25686667.0,21.604226863286325,25.92177752212568,49462173.0,41.60103787085789,49.9149011534619,67526023.0,56.79395929676241,68.14408989535083,80026023.0,67.30730599881133,80.75850261875208,92262558.0,77.59906078975183,93.10703884229966,100707582.0,84.70189800728176,101.62936029790195,105669380.0,88.87510621844439,106.63657372367372,108969380.0,91.6506297477853,109.96677868265164,111069380.0,93.41687199372952,112.08600002018304,112958420.0,95.0056825900526,113.99233043706418
2017-18,14,Memphis Grizzlies,0.2682926829268293,28530608.0,25.76466156580586,28.79174916492588,51642612.0,46.63603455468682,52.115297750597925,74284962.0,67.08328491838479,74.96489358481426,82818295.0,74.78934000046796,83.57633233427184,88018295.0,79.4852174995451,88.82392802720676,93198055.0,84.16281719851045,94.05109846305996,96488055.0,87.13386277004196,97.37121189185916,98594462.0,89.03606069988784,99.49689887277609,100468862.0,90.72874392763212,101.38845528947556,101940244.0,92.05748039423732,102.87330487521822
2017-18,15,Atlanta Hawks,0.2926829268292683,16910113.0,16.960809878375056,17.06489156650823,32410113.0,32.507279207989434,32.70676334352578,44910113.0,45.04475447380748,45.32117606692702,55852875.0,56.02032310698617,56.36409736308317,62158935.0,62.34528880896733,62.7278768429657,68158935.0,68.36327693656,68.7827949501983,73593217.0,73.81385102955842,74.26681703046633,78593217.0,78.82884113588564,79.31258211982683,81093217.0,81.33633618904925,81.83546466450707,83593217.0,83.84383124221286,84.35834720918733
2017-18,16,Miami Heat,0.5365853658536586,25289390.0,19.53480942912765,25.52086423864451,49064896.0,37.900217957806326,49.51398786998072,66065346.0,51.032229088142536,66.67004329266447,80019346.0,61.81100749181488,80.75176450405175,91019346.0,70.30796624488896,91.85244770064484,101626515.0,78.50148237942406,102.55670430807425,107896515.0,83.34474886867629,108.8840937301323,113777775.0,87.88773283559487,114.81918500802276,116482815.0,89.9772431360872,117.5489842874875,118973175.0,91.90092369975136,120.06213859707547
2017-18,17,Washington Wizards,0.524390243902439,24773250.0,19.973447909929934,25.0,48548756.0,39.14246411181006,48.99312363133623,66612606.0,53.70645418286605,67.22231237322515,83274247.0,67.13991239313128,84.03645767107668,96056856.0,77.44589868941867,96.93606611970571,104056856.0,83.89590356481611,105.00929026268253,109281856.0,88.10856299906006,110.28211478106424,112571856.0,90.76112750406725,113.60222820986344,115571856.0,93.17987933234129,116.62968726347977,117664896.0,94.86739410789151,118.7418848960068
2017-18,18,Charlotte Hornets,0.43902439024390244,23500000.0,20.0463772511186,23.71509591999435,45934783.0,39.18408463686252,46.35522488975003,59103533.0,50.41751997412499,59.64450869385325,72103533.0,61.50700526197783,72.76349792619055,84687803.0,72.24185734069843,85.46295197440787,96687803.0,82.47830529871644,97.57278818887308,103687803.0,88.44956660756027,104.63685931397777,106592283.0,90.92719647131896,107.56792407132694,109439883.0,93.35630557175662,110.44158820501951,112139883.0,95.65950636231068,113.1663013532742
2017-18,19,Orlando Magic,0.3048780487804878,17000000.0,17.793908874943373,17.155601303825698,34000000.0,35.587817749886746,34.3112026076514,46250000.0,48.40989914506653,46.67332707658462,56750000.0,59.4002546266492,57.26943376424168,64000000.0,66.98883341155152,64.5857931438144,70300000.0,73.58304670050113,70.94345715640863,76300000.0,79.86324983283409,76.99837526364122,81804420.0,85.62472912044677,82.55317731827677,85990740.0,90.00655244993813,86.7778147800551,90069060.0,94.27533212304748,90.89346371590324
2017-18,20,Milwaukee Bucks,0.5365853658536586,22471910.0,19.477237417389446,22.677595793850223,36971910.0,32.044924923798426,37.31031455299567,51071910.0,44.2659176024444,51.53937210499228,62494446.0,54.166252980286245,63.06645878114499,72994446.0,63.266992209065165,73.66256546880203,82815875.0,71.77958879791916,83.57389018396859,92423375.0,80.10676519225187,93.2693278031748,99205767.0,85.98531575790486,100.11379915836638,101889927.0,88.31177673012573,102.82252732281796,104024967.0,90.16229504279356,104.97710938209562
2017-18,21,Boston Celtics,0.6707317073170732,29727900.0,25.833344318856284,30.0,57462305.0,49.93435494670452,57.98825850463706,76330930.0,66.33106263370493,77.02958836648402,81976330.0,71.23687710488088,82.72666081357917,86976330.0,75.58184333506469,87.77242590293966,91976330.0,79.9268095652485,92.81819099230016,96932810.0,84.2339572093648,97.82003774232288,101470830.0,88.17746593974455,102.3995943204868,105798830.0,91.93846870859166,106.76720858183724,108046310.0,93.89151364919437,109.03525980644446
2017-18,22,Detroit Pistons,0.47560975609756095,29727900.0,25.002918054224786,30.0,53503406.0,44.99952152153091,53.99312363133622,69503406.0,58.456465633546784,70.13957191728983,80000725.0,67.28533032785943,80.73297306570595,86667392.0,72.8923906548857,87.4606601879043,92667392.0,77.93874469689166,93.51557829513688,97999121.0,82.42304339523005,98.89610870596309,101289121.0,85.19012752826332,102.21622213476228,104386921.0,87.795560120151,105.34237635352648,107415331.0,90.34263162754289,108.39850544438052
2017-18,23,Chicago Bulls,0.32926829268292684,15550000.0,17.24253403820369,15.692329427911153,29338500.0,32.5318382559382,29.607035814840604,39934005.0,44.28060710574253,40.29952166146953,47777505.0,52.97782998218309,48.21481335714935,52392890.0,58.09557486719368,52.872443058540966,56439650.0,62.58280297294553,56.956243125145065,60293581.0,66.85621367702196,60.84544922446591,64115221.0,71.09381867906444,64.70206876368664,67620454.0,74.98057747741395,68.23938522398151,70822671.0,78.53133861054671,71.47091217341286
2017-18,24,Indiana Pacers,0.5853658536585366,21000000.0,22.41927818785188,21.192213375314097,35796348.0,38.215632567674064,36.12399261299991,46296348.0,49.42527166160001,46.72009930065696,56296348.0,60.10111841771995,56.81162947937796,66066169.0,70.5312296007922,66.67087382559818,73696169.0,78.67690067571172,74.3707113519623,77876169.0,83.13940461976986,78.58897096666767,80446089.0,85.88301182931863,81.18241349035755,82996089.0,88.60535275212922,83.7557536859314,85241489.0,91.0025073827484,86.0217058722614
2017-18,25,Philadelphia 76ers,0.6341463414634146,23000000.0,22.948695208530957,24.4309189212156,39698103.0,39.609550700168185,42.16787546604633,50698103.0,50.58501362598734,53.85222799358422,59698103.0,59.56493783802119,63.412152788842505,68423103.0,68.27047547690955,72.67996877091234,75449343.0,75.28104244308297,80.1433383257385,81618183.0,81.43612196265663,86.6959657117364,87718449.0,87.52278044635072,93.17575284407764,90141009.0,89.93993657958458,95.74902966763328,91720449.0,91.51585341263512,97.42673273636912
2017-18,26,Brooklyn Nets,0.34146341463414637,19332500.0,20.14545786486178,19.50945071801237,34612500.0,36.06800260429475,34.92930883109806,49412500.0,51.49036269222721,49.864773495605135,61412500.0,63.99497897974001,61.97460971007034,66974860.0,69.79124376749083,67.5878820905614,72449647.0,75.49625299172943,73.11277991381834,77444767.0,80.70142456756952,78.15362033645161,81251914.0,84.66866726633248,81.99561422098432,83551914.0,87.06538538810577,84.31666616209016,85265634.0,88.85116964012548,86.04607187187794
2017-18,27,New York Knicks,0.35365853658536583,20566802.0,19.699028851611228,20.75505030627794,38331802.0,36.71447187230416,38.6826536687758,54831802.0,52.51828891938738,55.33367846366545,66579692.0,63.77050129813032,67.18909711079492,73235017.0,70.14501879442602,73.90533841946454,77738617.0,74.45859882189535,78.45015995075333,82066617.0,78.60398792369996,82.81777421210379,86154117.0,82.51902441945467,86.94268717265598,89655237.0,85.87242199156884,90.47585298658836,93036717.0,89.11122752298526,93.8882837334625
2017-18,28,Toronto Raptors,0.7195121951219512,28703704.0,24.62254731456888,28.966429515707464,56443679.0,48.41839076886515,56.96030900265407,76505408.0,65.6276983730182,77.2056633667363,91966083.0,78.89014010188609,92.80785020132602,99902592.0,85.69821854238985,100.8170022100451,102849897.0,88.22646914074348,103.79128394538463,105675537.0,90.65035334028576,106.64278707880476,107320737.0,92.06163513311392,108.30304562380796,108965937.0,93.47291692594207,109.96330416881112,110470497.0,94.76355522780052,111.48163543338076
2017-18,29,Boston Celtics,0.6707317073170732,29727900.0,25.833344318856284,30.0,57462305.0,49.93435494670452,57.98825850463706,76330930.0,66.33106263370493,77.02958836648402,81976330.0,71.23687710488088,82.72666081357917,86976330.0,75.58184333506469,87.77242590293966,91976330.0,79.9268095652485,92.81819099230016,96932810.0,84.2339572093648,97.82003774232288,101470830.0,88.17746593974455,102.3995943204868,105798830.0,91.93846870859166,106.76720858183724,108046310.0,93.89151364919437,109.03525980644446
2018-19,0,Utah Jazz,0.6097560975609756,23241573.0,20.798941931709344,22.815157702539537,39241573.0,35.11738203502548,38.52160421718089,54216573.0,48.518547069222926,53.22185650197802,67262028.0,60.1929574465983,66.02796532801932,76362028.0,68.33657025535935,74.96100678322158,83922028.0,75.10203320417622,82.38230276138962,91227853.0,81.64003430841433,89.55408711187897,96477853.0,86.33827246731494,94.70776487449568,99837853.0,89.34514488901132,98.00611864257036,102949333.0,92.12961613980296,101.06051203015636
2018-19,1,Denver Nuggets,0.6585365853658537,29230769.0,24.918663759491828,28.69446936752103,53835950.0,45.894103443628666,52.84821682749413,70353807.0,59.97525623883458,69.06301917168128,83271615.0,70.987437069988,81.74382294908168,95101973.0,81.07258786285337,93.35712827258536,98601773.0,84.05609949833136,96.79271711708174,101966022.0,86.92405653477493,100.09524192835896,104860182.0,89.3912718142009,102.93630250615988,107026542.0,91.23805170637593,105.062916098126,109056005.0,92.96812956061676,107.05514435206
2018-19,2,Portland Trailblazers,0.6463414634146342,27977689.0,21.11325042344884,27.464379742610607,53737455.0,40.5527541797256,52.75152892440291,71606308.0,54.03741219307312,70.29254041955846,82717419.0,62.42236739883501,81.1997948345424,93554498.0,70.60052545848384,91.83804494007008,104150004.0,78.59638142575672,102.2391542078552,111107109.0,83.84653271906862,109.06861655655791,114736029.0,86.58508259453052,112.63095642442744,118208917.0,89.20588354905505,116.0401270258862,121053347.0,91.3524212027537,118.83237000461378
2018-19,3,Minnesota Timberwolves,0.43902439024390244,25467250.0,20.880254583942403,25.0,44467250.0,36.45809817109475,43.65140523613661,59638037.0,48.896421696358125,58.54385239866888,73638037.0,60.37483276057564,72.28699309898006,84102129.0,68.95420057413207,82.55909943162297,92678045.0,75.98547836700351,90.97767230462654,100517480.0,82.41292532709024,98.67327646290823,106267480.0,87.12727272846529,104.31778067910749,108794320.0,89.19899474371582,106.79826051104853,111238373.0,91.2028408149111,109.19747224376404
2018-19,4,Oklahoma City Thunder,0.5975609756097561,35654150.0,24.777625499406494,35.0,66214850.0,46.015590213183486,65.0,90372154.0,62.80355547353367,88.71408770087072,105872154.0,73.57518220536716,103.92970776192954,115872154.0,80.52461880655005,113.74623683358038,124526001.0,86.53855491483372,122.24131089929222,129977601.0,90.3271097723346,127.5928898879934,133552784.0,92.81166053194728,131.10247867359058,135946671.0,94.47527712563688,133.4524448065653,138065511.0,95.94775155044192,135.53241025238296
2018-19,5,Phoenix Suns,0.23170731707317074,19245370.0,17.590818750814286,18.892273409967704,31245370.0,28.559162046358693,30.67210829594872,42995370.0,39.29899818991259,42.206529955138464,54470503.0,49.78759803208179,53.47112762469446,62635663.0,57.25078786066907,61.48648067616252,70100575.0,64.07393098458815,68.81443324269405,76370575.0,69.8048903565101,74.96939697061913,82412095.0,75.32701247208489,80.90007264231514,87073375.0,79.58755574180616,85.47583170542559,90626335.0,82.83506282475095,88.96360521846685
2018-19,6,Los Angeles Clippers,0.5853658536585366,21587579.0,18.2372653327679,21.19150968400593,35152797.0,29.697210885849103,34.50784537003406,47953359.0,40.51117226625893,47.07355427068097,55953359.0,47.26960139173627,54.92677752800165,63953359.0,54.02803051721362,62.78000078532232,71620026.0,60.50485871073063,70.30600673413895,77920026.0,65.82712164704404,76.49042004927897,83920026.0,70.89594349115205,82.38033749226949,89205420.0,75.36106358480495,87.56875987788237,94232448.0,79.60791514102873,92.50355652848266
2018-19,7,Los Angeles Lakers,0.45121951219512196,35654150.0,33.23598885567137,35.0,50008217.0,46.6165241045992,49.09071160019241,62008217.0,57.80265156151674,60.87054648617342,71008217.0,66.19224715420489,69.70542265065917,78470177.0,73.14811679073992,77.03047737780877,84227297.0,78.51477329947068,82.68197096270701,89227297.0,83.17565973985299,87.59023549853244,93676297.0,87.32291649450517,91.95760928250988,96176297.0,89.65335971469632,94.4117415504226,98570184.0,91.88488680631782,96.7617076833973
2018-19,8,Golden State Warriors,0.6951219512195121,37457154.0,25.622870317581985,36.76992411823027,67457154.0,46.14461389498938,66.21951133318281,86445879.0,59.13400540538622,84.85984843279113,103915444.0,71.08420318334791,102.00889770195054,119915444.0,82.02913309129852,117.71534421659187,128223136.0,87.71207725610114,125.870614220224,133560136.0,91.36289543852192,131.10969578576407,135725617.0,92.84421029864684,133.2354465048248,137369857.0,93.96896602063738,134.84951948090193,138936864.0,95.04088988190414,136.38777645799996
2018-19,9,Sacremento Kings,0.47560975609756095,24107258.0,23.28369957578475,23.664959899478745,35643773.0,34.42610114677778,34.98981338778235,44643773.0,43.118640803592456,43.82468955226811,53383273.0,51.55957972922933,52.40384513443737,60688873.0,58.61560391998769,59.57540861302261,67188873.0,64.89354922768717,65.95615250959565,72659793.0,70.17757023427167,71.32669703246326,78119793.0,75.45104429273924,76.68652190558463,82816668.0,79.9874634261394,81.29722290392563,86650428.0,83.69025351888493,85.06064455329884
2018-19,10,Dallas Mavericks,0.4024390243902439,17325000.0,19.609137208262588,17.00713661663509,29578780.0,33.4784620763644,29.03609537739646,41271088.0,46.71229017756304,40.513883517066034,50902338.0,57.61332929658636,49.96842807919976,57462978.0,65.03892756117602,56.4086994080633,63160032.0,71.48708418852847,62.00122902943978,68160032.0,77.14628684603571,66.9094935652652,71870882.0,81.34637728235785,70.55226025581874,74678762.0,84.52444967395013,73.30862382078945,77072649.0,87.23394800838453,75.65858995376415
2018-19,11,San Antonio Spurs,0.5853658536585366,27739975.0,22.66370878039357,27.23102710343677,50086990.0,40.92134023359736,49.16803934464852,66012134.0,53.93226853839331,64.80100324927113,77583563.0,63.38618827080117,76.16013016717548,87670763.0,71.62748492696564,86.06225937233113,94670763.0,77.34652257796407,92.93382972248672,100824609.0,82.37424785974207,98.97477053863297,103949609.0,84.92738966822351,102.04243587352384,106896929.0,87.33536596101504,104.93568111986964,109396929.0,89.3778794078002,107.38981338778235
2018-19,12,Houston Rockets,0.6463414634146342,35654150.0,28.566710547985547,35.0,66076004.0,52.94121667282869,64.86370142045176,81369108.0,65.19431134338569,79.87622142162975,94869483.0,76.01104109053323,93.12890378819856,105880717.0,84.83342879166022,103.9381136557736,113850254.0,91.21875719467812,111.76143282058332,117501734.0,94.14438498924788,115.34591877803844,119895621.0,96.06240791262664,117.69588491101317,121050944.0,96.98807232281256,118.83001109267784,121968216.0,97.72300622862076,119.73045381813898
2018-19,13,New Orleans Pelicans,0.4024390243902439,25976111.0,22.62591447029752,25.49952487999293,51410373.0,44.779863405422496,50.46714211389137,63663301.0,55.45250416133525,62.49526450637583,72471986.0,63.12511356024768,71.14233574492731,81112986.0,70.65166466475446,79.6247985157408,89712986.0,78.14250363000829,88.06701351736052,95162986.0,82.88960506729124,93.41702186141023,99103388.0,86.32180469989171,97.28512894010936,102103388.0,88.93488805986398,100.2300876616046,104308388.0,90.8555043294436,102.39463232190364
2018-19,14,Memphis Grizzlies,0.4024390243902439,30521116.0,24.440927225724103,29.961142251322777,54628374.0,43.745717338567786,53.62610215080152,71167700.0,56.99020234129595,69.86197960125259,83167700.0,66.59965196655504,81.6418144872336,91808700.0,73.51925648421036,90.1242772580471,100142033.0,80.19248512371112,98.30471782387184,106057073.0,84.92917503299384,104.1112340358696,110441689.0,88.44032058116926,108.41540507907214,112978587.0,90.47183670912098,110.90575837595344,115154847.0,92.21455844590984,113.04209033170052
2018-19,15,Atlanta Hawks,0.35365853658536583,25534253.0,23.84675302273558,25.06577368973878,43624140.0,40.7411210505841,42.82376385357665,56695203.0,52.94834759861028,55.65501084726462,69195203.0,64.6222513851904,67.92567218682818,76395203.0,71.34641996626054,74.99357311841679,81751643.0,76.34886518214768,80.25173801647215,86101643.0,80.41138369987756,84.52192816264026,88628483.0,82.77123066340413,87.00240799458128,91144531.0,85.12099884535752,89.47229382834817,93538418.0,87.35667936647312,91.82225996132289
2018-19,16,Miami Heat,0.47560975609756095,26837720.0,17.68940071464527,26.34532585968253,52271983.0,34.453748434521465,51.31294407523388,72693529.0,47.91409120605948,71.3598140749394,90802704.0,59.850293431384,89.13673836005064,105454404.0,69.50758892633543,103.51962225996132,117591931.0,77.50773121814808,115.43446092530604,129141931.0,85.12062002741179,126.77255200306276,138509131.0,91.2947717204105,135.96789111505953,141958057.0,93.56804359481558,139.3535393495568,144913897.0,95.51631037039776,142.25514827867164
2018-19,17,Washington Wizards,0.3902439024390244,25434262.0,20.446184955952727,24.96761723389844,45434262.0,36.5238560564177,44.600675377200126,64604062.0,51.93414302950238,63.41876527697337,80548216.0,64.75138622886053,79.07039040336117,95548216.0,76.80963955420926,93.79518401083745,101682736.0,81.74107930017047,99.8171534028998,107019736.0,86.03140583332954,105.05623496843984,110148923.0,88.54690780322208,108.12801048405304,112909018.0,90.76570278402396,110.83746576485488,115658098.0,92.97564298746728,113.53610813888426
2018-19,18,Charlotte Hornets,0.47560975609756095,24000000.0,19.61953727909913,23.55966977196203,41000000.0,33.51670951846102,40.24776919376847,55087500.0,45.03296916093223,54.0768045234566,68615590.0,56.09192191384924,67.3566934003475,81615590.0,66.71917127336127,80.11818119349361,93615590.0,76.52893991291083,91.89801607947462,101103962.0,82.65053964681758,99.24899822320825,106103962.0,86.7379432466299,104.15726275903366,109731804.0,89.70363413669996,107.71854440506924,113179284.0,92.52188256915616,111.10277316946274
2018-19,19,Orlando Magic,0.5121951219512195,21590909.0,18.845692909191527,21.19477858818679,38590909.0,33.68419644122234,37.88287800999323,54590909.0,47.64984682431017,53.58932452463458,67340909.0,58.77872447333328,66.10539909098941,77840909.0,67.94368253723466,76.4127546162228,86180789.0,75.22317305704132,84.59962206363075,93430789.0,81.551358386878,91.7166056405776,98399869.0,85.88863551222762,96.59451746851347,103264909.0,90.13510099596122,101.3702981279879,105904223.0,92.43883453191054,103.9611883890094
2018-19,20,Milwaukee Bucks,0.7317073170731707,24157304.0,19.189143731399408,23.714087700870724,43157304.0,34.28162801261675,42.36549293700733,58157304.0,46.19674718199886,57.0902865444836,71157304.0,56.52318379546335,69.8517743376297,83657304.0,66.45244976994844,82.12243567719327,94264447.0,74.87814129606026,92.53496843985904,101264447.0,80.43853024177191,99.40653879001464,104764447.0,83.21872471462774,102.84232396509243,108218947.0,85.96277665933644,106.2334439328942,111600947.0,88.64923886139313,109.55339406492652
2018-19,21,Boston Celtics,0.5975609756097561,31214295.0,24.863638996946847,30.641603431858567,60143005.0,47.90670314711798,59.03955570389422,80242194.0,63.91664280545096,78.76998301740471,91902910.0,73.20494590728049,90.21675877843111,98603710.0,78.54244503038231,96.79461857876292,103978710.0,82.82388273732361,102.07100295477524,109172310.0,86.96082690007158,107.16931549342785,114342270.0,91.07894070237452,112.24442175735504,117392660.0,93.50871833342131,115.23884596884233,120060260.0,95.6335859105444,117.85750326399592
2018-19,22,Detroit Pistons,0.5,32088932.0,25.62112598815584,31.50019338562271,57523195.0,45.92888994673479,56.467811601174056,74566673.0,59.53710530006478,73.19859132807822,84569354.0,67.52365811273965,83.01775221117317,91569354.0,73.11274664697603,89.88932256132877,97569354.0,77.90339396203579,95.77924000431928,102901083.0,82.16046616511517,101.01314727738566,106976083.0,85.41411413325991,105.01338287408338,110251363.0,88.02923268960474,108.22857100786304,113051083.0,90.26464453975792,110.97692428511128
2018-19,23,Chicago Bulls,0.2682926829268293,26011913.0,23.040098763451518,25.53467001737525,45511913.0,40.31225886514432,44.67690170709441,59869663.0,53.029661772840726,58.771228734943904,71156179.0,63.02671363654932,69.85066997810914,79627159.0,70.5298994200487,78.16623212164643,84163279.0,74.54777587545848,82.6191275068961,88604479.0,78.48157677000403,86.97884439819768,92825479.0,82.22033511817045,91.1224013193415,96088774.0,85.11080453863474,94.3258243430288,98482661.0,87.23119425808915,96.6757904760035
2018-19,24,Indiana Pacers,0.5853658536585366,21000000.0,18.95231067068067,20.614711050466774,34764045.0,31.37423719092967,34.12622583906782,47164045.0,42.56512539647444,46.29872188791487,57664045.0,52.04128073181478,56.606077413148256,67664045.0,61.06619057499605,66.4226064847991,75609045.0,68.23648144540357,74.2218388322257,82942379.0,74.85474926539716,81.42062747253827,87391379.0,78.8699316546285,85.78800125651573,91391379.0,82.47989559190101,89.71461288517605,94801663.0,85.55764615586537,93.06232808803465
2018-19,25,Philadelphia 76ers,0.6219512195121951,25467250.0,22.548774116899924,27.05166608244904,45913029.0,40.65152381759615,48.76945604027915,60713029.0,53.755485059195415,64.49022125914831,72963029.0,64.6016691949786,77.50234111936098,79963029.0,70.79948870114042,84.93783818233963,86397549.0,76.49663063953875,91.77267454829357,92397549.0,81.80904735910602,98.1459577451324,96718049.0,85.63443009858774,102.73525275378944,99385649.0,87.99633057210735,105.568814463104,101997449.0,90.308825570135,108.34310463868796
2018-19,26,Brooklyn Nets,0.5121951219512195,18919725.0,15.996808742460832,18.57260304901393,37419725.0,31.63873597636753,36.733181831568,52819725.0,44.6595835116196,51.850636601910296,66583770.0,56.29721542157729,65.36215139051134,76113770.0,64.35492172098976,74.7173035957946,84447103.0,71.40083460757968,82.89774416161933,91466801.0,77.33605651676889,89.78865111074028,96941588.0,81.96504137488448,95.16299168539987,101390588.0,85.72671349724399,99.53036546937732,103860945.0,87.81542400728573,101.95539860016297
2018-19,27,New York Knicks,0.2073170731707317,22897200.0,18.55700462331773,22.477102945940374,41519714.0,33.64959578711939,40.75794795276286,60142228.0,48.742186950921045,59.03879295958535,78672228.0,63.75980026914675,77.22882132935437,85791878.0,69.52991093623287,84.21784644985226,92291878.0,74.79782710290675,90.59859034642533,96836278.0,78.48082990718872,95.05961381774632,101130758.0,81.96128538710528,99.27530259450864,105286478.0,85.32928301359297,103.35477721387272,109106438.0,88.42516440436953,107.10465205312704
2018-19,28,Toronto Raptors,0.7073170731707317,31200000.0,22.90034683602863,30.62757070355064,55319025.0,40.603360869581365,54.30408171278799,78433092.0,57.56875032763277,76.99407277974653,100099759.0,73.47176920842558,98.26321942887434,110099759.0,80.81162396356297,108.07974850052516,119466959.0,87.68701270979525,117.27508761252196,128120806.0,94.0388107151134,125.7701616782338,130073566.0,95.4721081922776,127.6870942092295,131618517.0,96.606079786658,129.2036998498071,132618517.0,97.34006526217176,130.18535275697218
2018-19,29,Boston Celtics,0.5975609756097561,31214295.0,24.863638996946847,30.641603431858567,60143005.0,47.90670314711798,59.03955570389422,80242194.0,63.91664280545096,78.76998301740471,91902910.0,73.20494590728049,90.21675877843111,98603710.0,78.54244503038231,96.79461857876292,103978710.0,82.82388273732361,102.07100295477524,109172310.0,86.96082690007158,107.16931549342785,114342270.0,91.07894070237452,112.24442175735504,117392660.0,93.50871833342131,115.23884596884233,120060260.0,95.6335859105444,117.85750326399592
2019-20,0,Utah Jazz,0.611,32511623.0,26.67085837361415,29.78891607110134,57520050.0,47.1864818066205,52.70299615173172,74520050.0,61.13240484932558,68.27932013927067,87957550.0,72.15583666616968,80.59148799706799,99912096.0,81.96272952066838,91.5448927982408,104679096.0,85.87333041152574,95.91267729521716,108314856.0,88.85592036221665,99.24395821880154,110879609.0,90.95991141877823,101.59392431739052,112841969.0,92.5697303330184,103.39194520798974,114579114.0,93.9947944791372,104.98361187465642
2019-20,1,Denver Nuggets,0.63,30500000.0,23.453722418335925,27.94575774234928,57073595.0,43.88813949332869,52.293929814916616,74912881.0,57.60609562399448,68.63925325270294,88953977.0,68.40334047754224,81.50446857247572,101730763.0,78.22836317401702,93.21125435220816,111076916.0,85.41531655569891,101.77470771486166,115521662.0,88.8332129132074,105.84722558182152,118911062.0,91.43957510221422,108.9527780831959,121475815.0,93.41180477216814,111.30274418178487,123475815.0,94.94975378320656,113.13525288620122
2019-20,2,Portland Trailblazers,0.473,29802321.0,21.69404120125896,27.306506322155027,57359280.0,41.7536132032988,52.55568993952722,84452298.0,61.47546804670012,77.37978559648158,96652298.0,70.35622946979059,88.55808869342128,108652298.0,79.09140464004352,99.55314091991936,114370298.0,83.25371560866904,104.79228330584571,118610498.0,86.34028975507792,108.6773850100788,121454927.0,88.4108385529402,111.28360546087596,123613956.0,89.98246326232821,113.2618251786696,125763516.0,91.54719519057562,115.2313688840022
2019-20,3,Minnesota Timberwolves,0.297,27285000.0,20.585050756654333,25.0,54570000.0,41.170101513308666,50.0,73176557.0,55.20773831930397,67.04833883085945,90995013.0,68.65079571953164,83.37457669048928,106344413.0,80.23108445268869,97.4385312442734,112158053.0,84.61716011627367,102.76530419644494,115740039.0,87.31957402939902,106.04731445849367,119061069.0,89.82511081204046,109.0902226498076,121792783.0,91.88604067616592,111.59316749129556,124323463.0,93.79530130467424,113.91191405534175
2019-20,4,Oklahoma City Thunder,0.611,38506482.0,28.77475487381909,35.28173172072567,64349179.0,48.086237845786776,58.96021531977277,86964738.0,64.98617605773232,79.68181968114348,102464738.0,76.56886752625432,93.88376214037017,113205479.0,84.59510553569332,103.72501282756092,117158399.0,87.5490057137417,107.34689298149166,119634239.0,89.39912770376915,109.61539215686274,121919039.0,91.10649115327102,111.70885010078796,123947633.0,92.62239943823198,113.56755818215136,125976227.0,94.13830772319294,115.42626626351476
2019-20,5,Phoenix Suns,0.466,27285000.0,22.52402666032455,25.0,46530370.0,38.41126239306453,42.6336540223566,62730370.0,51.78451626505492,57.47697452812901,78355370.0,64.68310217553947,71.79344878138171,87918290.0,72.5773834667453,80.55551585120028,93371570.0,77.07911790347664,85.55210738501007,98138570.0,81.01432168173456,89.91989188198643,102299570.0,84.44926670404024,93.73242624152464,106333010.0,87.77890973474646,97.42808319589516,109814996.0,90.65332225059316,100.61846802272312
2019-20,6,Los Angeles Clippers,0.681,33005556.0,24.641696874292418,30.24148433205058,65747556.0,49.08662484514928,60.241484332050575,80747556.0,60.28551066650572,73.98529961517318,93093235.0,69.50270063371359,85.29708172988822,101093235.0,75.47543973843703,92.6271165475536,107574717.0,80.31446486318217,98.56580263881254,113574717.0,84.79401919172474,104.06332875206157,118382410.0,88.38340618980038,108.46839838739236,123149410.0,91.94241210382746,112.8361828843687,125481003.0,93.6831616897524,114.9725151181968
2019-20,7,Los Angeles Lakers,0.732,37436858.0,29.845899877145595,34.30168407549936,64529877.0,51.44534960777212,59.12578064870808,79164023.0,63.11217421958998,72.5343806120579,87253305.0,69.56121704925256,79.94622045079714,92253305.0,73.54738221796752,84.52749221183801,97020305.0,77.34779208982036,88.89527670881436,101020305.0,80.53672422479232,92.56029411764706,104520305.0,83.32703984289279,95.76718435037569,107520305.0,85.71873894412177,98.51594740700018,110270305.0,87.911129786915,101.03564687557264
2019-20,8,Golden State Warriors,0.231,40231758.0,30.587996024874712,36.86252336448598,72973758.0,55.48156805934679,66.86252336448598,100478388.0,76.39319496627066,92.06376030786146,119017518.0,90.4883989278931,109.05031885651456,123481804.0,93.8825723175298,113.14074033351658,125446564.0,95.37636911034788,114.9409602345611,126859836.0,96.45087244967664,116.23587685541506,127758146.0,97.13385286303829,117.0589573025472,128656456.0,97.81683327639992,117.88203774967933,129498783.0,98.4572501064983,118.65382352941177
2019-20,9,Sacremento Kings,0.431,24147727.0,20.51983617494101,22.12545995968481,43417389.0,36.89447497164788,39.78137163276526,55417389.0,47.09162661657463,50.77642385926333,63973509.0,54.362297710923855,58.61600604727872,72502895.0,61.61025125093345,66.43109309144218,79327895.0,67.40988124898554,72.68452904526296,85827895.0,72.93333838998753,78.6401823346161,92220655.0,78.36566698578935,84.49757650723842,97081863.0,82.49653991525027,88.95167949422759,101848863.0,86.54735840619742,93.31946399120396
2019-20,10,Dallas Mavericks,0.573,27285000.0,22.34829036930138,25.0,45435000.0,37.214387866197846,41.63001649257834,58194670.0,47.66543460163724,53.3211196628184,68454045.0,56.06856788027207,62.721316657504126,77927729.0,63.828166227312735,71.40162085394905,85927729.0,70.38071608820374,78.73165567161445,93611089.0,76.67391602560068,85.77156771119662,101072469.0,82.78529908573255,92.60808960967564,105072469.0,86.06157401617804,96.27310701850834,108572469.0,88.92831458031786,99.47999725123694
2019-20,11,San Antonio Spurs,0.451,27739975.0,22.48061272318572,25.416872823895915,53739975.0,43.55114111417485,49.23948598130841,67739975.0,54.89681024778439,62.06704691222284,80168546.0,64.96898555989685,73.45477918270112,87010853.0,70.51402494079545,79.72407275059557,92857007.0,75.25177701137602,85.08063679677478,98357007.0,79.70900417100833,90.12003573391974,103431863.0,83.8216925336307,94.76989463074948,107186749.0,86.86467069008945,98.21032527029504,110061749.0,89.19458488716998,100.84455653289352
2019-20,12,Houston Rockets,0.611,38506482.0,29.32858675096726,35.28173172072567,76705482.0,58.42297884059514,70.28173172072567,90763212.0,69.1300944328914,83.16218801539307,102064431.0,77.7377044927556,93.51697910940076,110413470.0,84.09677709249891,101.16682242990652,113953470.0,86.79302955976985,104.41036283672346,116518223.0,88.74648199033216,106.76032893531244,119082976.0,90.69993442089446,109.11029503390142,121257294.0,92.35601076895423,111.102523364486,123285888.0,93.90109596036416,112.96123144584938
2019-20,13,New Orleans Pelicans,0.417,26131111.0,22.19972581403413,23.942744181784864,43781111.0,37.19431064503127,40.11463349825912,57267411.0,48.65161769354553,52.4715145684442,67024851.0,56.94106595492597,61.41181143485432,75744171.0,64.34857776277923,69.40092633315008,84409099.0,71.70988076280656,77.34020432472055,91674584.0,77.88228479514862,83.99723657687373,98924584.0,84.04153352176218,90.640080630383,103786624.0,88.17208713262345,95.09494594099324,107889188.0,91.65742673163732,98.8539380612058
2019-20,14,Memphis Grizzlies,0.466,16229213.0,12.592215781983368,14.87008704416346,32229213.0,25.006585629229438,29.53015667949423,45229213.0,35.093261130116865,41.44146325820048,57729213.0,44.79198757327786,52.89464266080264,69829213.0,54.18035477025769,63.981320322521526,78902263.0,61.22011716666744,72.29454187282388,87632503.0,67.99389393011879,80.29366226864578,96040503.0,74.5176452848466,87.9975288620121,103099983.0,79.99508251292389,94.46580813633864,110027463.0,85.3701011897614,100.81314183617371
2019-20,15,Atlanta Hawks,0.299,25102511.0,22.15838333212225,23.000284955103535,44102511.0,38.92998372342663,40.40911764705882,58999063.0,52.079405689336426,54.058148249954186,72332397.0,63.84895041206232,66.2748735568994,79400757.0,70.08830353531918,72.75128916987356,85673757.0,75.62557981187985,78.49895272127543,89919477.0,79.37334398100452,82.3891121495327,92606037.0,81.74481296770256,84.8506844420011,95242317.0,84.07189900347035,87.26618746564047,97846299.0,86.37047508400454,89.65209730621221
2019-20,16,Miami Heat,0.603,32742000.0,24.4632111953732,30.0,51959900.0,38.82188037964913,47.60848451530145,69145085.0,51.66180494401782,63.35448506505406,81903866.0,61.19453825898071,75.044773685175,93571751.0,69.9122077647631,85.73552409748947,104858266.0,78.34493637342315,96.07684258750228,112673799.0,84.18431803561265,103.23785871357887,117888382.0,88.08039784823261,108.01574308227964,121528582.0,90.80017615723624,111.35109217518784,124982662.0,93.38089476103916,114.51590800806304
2019-20,17,Washington Wizards,0.347,38199000.0,29.00722592710641,35.0,65292019.0,49.58088814811708,59.82409657320872,80742070.0,61.31321412372682,73.98027304379696,89472228.0,67.94264592784043,81.97931830676197,97472228.0,74.01761667097118,89.30935312442733,104472228.0,79.33321607121059,95.72313358988455,110472228.0,83.88944412855864,101.2206597031336,114941388.0,87.28319615935492,105.31554700384828,118509108.0,89.99242048681522,108.5844859813084,121728588.0,92.43720133782703,111.5343485431556
2019-20,18,Charlotte Hornets,0.354,25565217.0,20.847095133013163,23.42424134139637,45459954.0,37.07021089554617,41.652880703683344,62459954.0,50.93282028631425,57.22920469122228,76931864.0,62.73390472562898,70.48915521348727,90981765.0,74.19086293397967,83.36243815283123,103171002.0,84.13054712824425,94.53087960417812,107199402.0,87.41549628528955,98.22191863661352,111031242.0,90.54016105987311,101.73285871357888,114786642.0,93.60249301905492,105.17376030786146,116463377.0,94.96978256945664,106.71007604911122
2019-20,19,Orlando Magic,0.452,28000000.0,21.00609139889908,25.65512186182885,47863636.0,35.90813973212987,43.855264797507786,64863636.0,48.661838081461454,59.43158878504673,77363636.0,58.03955745596997,70.88476818764889,87108836.0,65.35057752384681,79.81385010078797,96366836.0,72.2960916013828,88.29653289353125,103616836.0,77.73516883859774,94.9393769470405,109423276.0,82.09126202939144,100.25955286787612,115120876.0,86.36570154204742,105.48000366501742,120694209.0,90.54691377042244,110.58659428257285
2019-20,20,Milwaukee Bucks,0.767,30603448.0,22.66486824659783,28.040542422576507,56446145.0,41.80393135614513,51.719026021623606,72071145.0,53.37578320607691,66.0355002748763,84164169.0,62.33185886339975,77.1157861462342,94298076.0,69.83701537315889,86.40102253985707,101298076.0,75.02120500192834,92.81480300531427,106065076.0,78.55163813912033,97.18258750229064,109565076.0,81.14373295350505,100.38947773501926,112734424.0,83.49094738658522,103.29340663368151,115695544.0,85.6839484713769,106.00654572109218
2019-20,21,Boston Celtics,0.667,32742000.0,27.48023631593214,30.0,65442690.0,54.92580130567128,59.962149532710285,77996161.0,65.46188186474528,71.46432197177937,85826161.0,72.03357114315676,78.63859354956936,92360990.0,77.51822831755682,84.62615906175554,97360990.0,81.71470933825381,89.20743082279641,102127990.0,85.71563434338631,93.57521531977277,105586390.0,88.61825633578201,96.74398937144952,108092183.0,90.72135888904108,99.03993311343228,110472023.0,92.71874956750018,101.2204718709914
2019-20,22,Detroit Pistons,0.303,34234964.0,26.092286093121565,31.36793476269013,51521920.0,39.2675942848055,47.20718343412131,67165670.0,51.19052782635298,61.54083745647792,78558527.0,59.87362982295571,71.97959226681327,88290923.0,67.29120621659678,80.89694245922668,95624256.0,72.8803291568788,87.6161407366685,102941329.0,78.45705948673267,94.3204407183434,108273058.0,82.52065360761426,99.20566061938794,112100218.0,85.43753570639933,102.71231262598496,115669861.0,88.15815040914325,105.98301356056442
2019-20,23,Chicago Bulls,0.338,27250576.0,23.4496779644196,24.968458860179584,46750576.0,40.22982676957447,42.83541872823896,59650576.0,51.330540594523086,54.65509987172439,69650576.0,59.93574510998712,63.81764339380612,77807076.0,66.95458017302536,71.29107201759209,83155083.0,71.55664957153868,76.19120670698186,88462203.0,76.12353487034963,81.0538785046729,93762603.0,80.68463747172619,85.91039307311709,98964003.0,85.16054854839966,90.67619846069267,102341572.0,88.0670157494088,93.7709107568261
2019-20,24,Indiana Pacers,0.616,21000000.0,18.30726319483136,19.241341396371634,41000000.0,35.74275195181361,37.56642844053509,59000000.0,51.43469183309763,54.0590067802822,69810000.0,60.858573506246536,63.96371632765256,80310000.0,70.01220510366221,73.58438702583837,87643334.0,76.40521822907199,80.30358621953454,92410334.0,80.56096697429871,84.6713707165109,95939889.0,83.63794280028124,87.90534084661901,99439889.0,86.68915333275314,91.11223107934762,102256649.0,89.144732698309,93.69309968847352
2019-20,25,Philadelphia 76ers,0.589,32742000.0,24.805064105885847,34.779006405149616,60742000.0,46.01762885345178,64.52099465706425,88246630.0,66.85490545105337,93.7367940261092,98363206.0,74.5191384304702,104.4827613311664,106477136.0,80.66618362626369,113.1014902860542,111244136.0,84.2776227745368,118.16506378594266,114302936.0,86.59494395488875,121.4141635596911,116885096.0,88.55116667590927,124.15696971628267,119205140.0,90.30881251759506,126.62135262313714,121233734.0,91.84565828800662,128.77615329870514
2019-20,26,Brooklyn Nets,0.486,37199000.0,29.290964944811897,34.08374564779182,68941000.0,54.28501879782459,63.16749129558366,79546600.0,62.636002905426864,72.88491845336266,89428198.0,70.4168986450092,81.93897562763424,97094865.0,76.4537295904794,88.963592633315,102569652.0,80.76464639193406,93.97989004947772,107336652.0,84.51824272226332,98.3476745464541,110818638.0,87.26000271216428,101.53805937328202,113444356.0,89.3275264061604,103.94388491845336,116009109.0,91.3470454850362,106.29385101704234
2019-20,27,New York Knicks,0.318,18000000.0,16.164408703819262,16.492578339747112,33000000.0,29.634749290335314,30.236393622869706,44511234.0,39.97209879374088,40.78361187465641,54311234.0,48.7727213102647,49.762904526296495,62311234.0,55.956902956406594,57.09293934396188,70311234.0,63.14108460254849,64.42297416162727,78151194.0,70.18154669485932,71.60637163276526,84582860.0,75.95732879877367,77.49941359721458,89438660.0,80.31794745344065,81.94856148066704,93902300.0,84.32639752381375,86.03839105735752
2019-20,28,Toronto Raptors,0.736,33296296.0,26.970530647925276,30.50787612241158,58891996.0,47.70345575482308,53.96004764522632,82163600.0,66.55382604551188,75.28275609309144,92280176.0,74.74841390777937,84.55211288253619,101626329.0,82.31894685614992,93.11556624518968,105626329.0,85.55901063356532,96.78058365402237,109249329.0,88.49369839995931,100.10017317207256,111749329.0,90.51873826084392,102.390809052593,114101168.0,92.42376534939714,104.54569177203592,116382968.0,94.27205973122376,106.63640095290452
2019-20,29,Boston Celtics,0.667,32742000.0,27.48023631593214,30.0,65442690.0,54.92580130567128,59.962149532710285,77996161.0,65.46188186474528,71.46432197177937,85826161.0,72.03357114315676,78.63859354956936,92360990.0,77.51822831755682,84.62615906175554,97360990.0,81.71470933825381,89.20743082279641,102127990.0,85.71563434338631,93.57521531977277,105586390.0,88.61825633578201,96.74398937144952,108092183.0,90.72135888904108,99.03993311343228,110472023.0,92.71874956750018,101.2204718709914
2020-21,0,Utah Jazz,0.7222222222222222,34504132.0,25.38289577345726,31.61456111416529,62029413.0,45.631813751110585,56.83471962616823,79879413.0,58.76313059038688,73.18985981308411,91379413.0,67.22308261569094,83.7267848634781,102243050.0,75.21489547137077,93.68063954553784,111501050.0,82.02552467574164,102.16332233828112,120001050.0,88.27853269444464,109.95148433205055,125196551.0,92.10059262552456,114.71188473520247,127173551.0,93.55496872587467,116.52331958951804,128957108.0,94.86703886973513,118.1575114531794
2020-21,1,Denver Nuggets,0.6527777777777778,29542010.0,23.00946073123204,27.067995235477373,56827010.0,44.26099832300951,52.06799523547737,74963374.0,58.386914442641526,68.685517683709,88686588.0,69.07554915772333,81.25947223749313,98686588.0,76.86427468155601,90.42201575957486,105886348.0,82.47197012930297,97.01882719442916,110086348.0,85.7432348493127,100.8670954737035,113637148.0,88.50885550831521,104.12053142752428,116837148.0,91.00124767594168,107.05254535459044,119216988.0,92.85483973100548,109.23308411214954
2020-21,2,Portland Trailblazers,0.5833333333333334,31626953.0,24.325658434528684,28.97833333333333,60981105.0,46.90320724826477,55.87420285871359,73869994.0,56.81660963687153,67.68370350009162,86008339.0,66.1527361499273,78.80551493494595,96874291.0,74.51021013479027,88.76149074583104,106132291.0,81.63093864084858,97.2441735385743,111538546.0,85.78912335563798,102.1976782114715,116543896.0,89.63895468290079,106.78385193329667,119388326.0,91.82672890892016,109.39007330034818,121640366.0,93.55887034603224,111.45351475169508
2020-21,3,Minnesota Timberwolves,0.3194444444444444,29467800.0,22.726090836048872,27.0,58117050.0,44.82090137109639,53.25,75117050.0,57.93160336489406,68.82632398753894,88542945.0,68.28589209107159,81.12785871357889,98300385.0,75.81100315356342,90.06815557998901,104793385.0,80.81852009742978,96.01739508887668,110897665.0,85.52624927194151,101.61046820597396,115903015.0,89.38646410868593,106.19664192779916,119664100.0,92.28707967388254,109.64275242807405,122315140.0,94.33160881586122,112.07177936595198
2020-21,4,Oklahoma City Thunder,0.3055555555555556,27500000.0,28.953869021814384,25.196994685724757,36900000.0,38.85082788745275,33.80978559648158,43900000.0,46.22090363846005,40.22356606193879,48929650.0,51.51646099575346,44.83200476452263,53256475.0,56.07203642594663,48.79647700201576,57397795.0,60.43229958439828,52.59097947590251,61268165.0,64.50728816788772,56.13722283305845,64810225.0,68.23660966997528,59.38265072384093,68310225.0,71.92164754547893,62.58954095656954,71275065.0,75.04323260113843,65.30608851017043
2020-21,5,Phoenix Suns,0.7083333333333334,41358814.0,32.53648289225782,37.89519332966832,70826614.0,55.7184476984168,64.89519332966832,80844814.0,63.59964547433023,74.07441268096024,90102814.0,70.88280302852226,82.5570954737035,99352814.0,78.15966707867092,91.0324482316291,103711814.0,81.58884009430314,95.02640095290452,107957534.0,84.92889709268121,98.91656038116182,112192694.0,88.26064666572204,102.7970441634598,116117694.0,91.34839708700132,106.39334249587688,118094705.0,92.90368792728763,108.20478742899029
2020-21,6,Los Angeles Clippers,0.6527777777777778,35450412.0,25.905135750029583,32.48159428257284,69829512.0,51.02741789625237,63.98159428257284,84713233.0,61.90359087191669,77.61886842587502,98046566.0,71.64682887336359,89.83559281656588,107304566.0,78.41204634879868,98.31827560930915,115554566.0,84.44067501290967,105.87737401502658,122554566.0,89.5558750915493,112.29115448048378,127828392.0,93.40968583011096,117.1233205057724,130906096.0,95.6586960790866,119.94328019058092,132526660.0,96.84291166483526,121.4281290086128
2020-21,7,Los Angeles Lakers,0.5833333333333334,39219566.0,28.877677553423688,35.93509803921569,71961566.0,52.98587187801663,65.93509803921569,87961566.0,64.76679879737058,80.59516767454646,100034586.0,73.65625919211425,91.65712479384275,109292586.0,80.47299803082544,100.13980758658604,114292586.0,84.15453769312354,104.72107934762693,117915586.0,86.82218133242475,108.04066886567712,121477764.0,89.4450412506579,111.30452996151732,124227764.0,91.46988806492186,113.8242294300898,126792517.0,93.35833604362148,116.17419552867877
2020-21,8,Golden State Warriors,0.5416666666666666,43006362.0,25.4293747427874,39.40476635514018,78367722.0,46.338310840535286,71.80476635514019,107909732.0,63.80630413290382,98.87276159061756,130156688.0,76.96078069640163,119.25663184900128,144531688.0,85.46062222979077,132.42778816199376,153261928.0,90.62275485924852,140.42690855781566,158083357.0,93.47363363938676,144.84456386292834,160146637.0,94.69363732905708,146.73505314275243,161909433.0,95.73596683554004,148.3502226498076,163529997.0,96.694195509955,149.83507146783947
2020-21,9,Sacremento Kings,0.4305555555555556,24701834.0,23.77862072772868,22.63316291002382,46917743.0,45.16422611365809,42.98858621953454,55917743.0,53.82785758934358,51.234875389408096,64881383.0,62.456487993867306,59.44784955103537,72981010.0,70.25339726259087,66.8691680410482,79481010.0,76.51046443947483,72.82482133040132,84486360.0,81.32874308467731,77.4109950522265,88318200.0,85.01737082176517,80.92193512919187,91941200.0,88.50496380358834,84.24152464724207,94017080.0,90.50325928222678,86.14355873190398
2020-21,10,Dallas Mavericks,0.5833333333333334,29467800.0,23.449413332566856,27.0,48442800.0,38.54903454573703,44.38592633315008,61456500.0,48.90486804148578,56.30978559648159,72536625.0,57.72203223092332,66.46199835074216,83402577.0,66.36876526494117,76.41797416162727,91727577.0,72.99350026360477,84.04579164376031,99776937.0,79.39889088328559,91.42105277625068,103876937.0,82.66152313487967,95.1776956203042,107876937.0,85.84457899009341,98.84271302913687,111774373.0,88.94601811012362,102.4137557265897
2020-21,11,San Antonio Spurs,0.4583333333333333,27739975.0,21.5461349496232,25.416872823895915,44489975.0,34.556159666883715,40.76413322338281,58989975.0,45.8185691236167,54.04982133040132,73275975.0,56.91476095112617,67.13943100604727,86811689.0,67.42819221714224,79.54158786879238,94913541.0,73.72104563658024,86.96494502473887,101033217.0,78.47430748861761,92.57212479384278,106533217.0,82.74625590324047,97.61152373098771,110566657.0,85.87910092387254,101.30718068535823,114082941.0,88.61026162553867,104.52899120395824
2020-21,12,Houston Rockets,0.2361111111111111,41254920.0,32.27125914288277,37.8,58124196.0,45.46708590363792,53.25654755360088,71140070.0,55.648626501101454,65.18239875389408,83959719.0,65.67667200451773,76.92845794392524,93559719.0,73.18617845300132,85.72449972512369,100226386.0,78.40111374741723,91.8328623785963,105861386.0,82.80903758462608,96.99595565328936,110409666.0,86.3668852918666,101.16333699835074,114126666.0,89.27447231988883,104.56905442550853,116409700.0,91.0603534183375,106.66089426424776
2020-21,13,New Orleans Pelicans,0.4305555555555556,29592695.0,22.4554928122029,27.11443558731904,56877695.0,43.15986331245495,52.11443558731904,73752695.0,55.9649302793508,67.57622778083196,89799795.0,68.14177117561594,82.27945299615173,100803577.0,76.49164764371213,92.36171614440168,111049057.0,84.2661103108524,101.74918178486348,116154217.0,88.14000161021346,106.42680685358256,119794417.0,90.90225374490348,109.76215594649076,123285576.0,93.55141076932313,112.96094557449148,126398736.0,95.91373505250306,115.81339197361189
2020-21,14,Memphis Grizzlies,0.5277777777777778,16587688.0,12.697453983991448,15.198541323071286,31587688.0,24.17957311716249,28.94235660619388,44587688.0,34.13074303257739,40.85366318490013,57237688.0,43.813996834884975,52.44428074033352,68637688.0,52.54040737609497,62.889580355506695,78209400.0,59.86730987558849,71.65970313358989,87714500.0,67.14322258043542,80.36879237676379,96881300.0,74.16017522509891,88.76791277258566,105698443.0,80.90947431444592,96.8466584203775,112955803.0,86.46479912193327,103.496246105919
2020-21,15,Atlanta Hawks,0.5694444444444444,19500000.0,16.84682561182984,17.866959868059375,37500000.0,32.39774156121123,34.35953820780649,53500000.0,46.22077796066135,49.01960784313725,65678571.0,56.742329849804335,60.178276525563504,73678571.0,63.653848049529394,67.50831134322888,81100571.0,70.06600905932432,74.30875114531794,87672371.0,75.74364847244345,80.3301914971596,93486011.0,80.76628330577465,85.65696444933113,98253011.0,84.88468421303583,90.0247489463075,102711011.0,88.73612772983262,94.10941084845152
2020-21,16,Miami Heat,0.5555555555555556,34379100.0,25.76692195649328,31.5,55379100.0,41.50629154692348,50.74134139637163,73379100.0,54.997179767292224,67.23391973611874,88379100.0,66.23958661759951,80.97773501924134,101179100.0,75.83310712986173,92.70579072750596,108329100.0,81.19198772850821,99.2570093457944,113543683.0,85.1002853045546,104.03489371449514,118659175.0,88.93431479145407,108.72198552318125,122481415.0,91.79905993542197,112.2241295583654,125063575.0,93.73437282026126,114.59004489646324
2020-21,17,Washington Wizards,0.4722222222222222,41358814.0,31.74636658325842,37.89519332966832,70110589.0,53.815770920369374,64.23913230712846,85110589.0,65.32953189883642,77.98294759025104,93443922.0,71.7260655199012,85.61840021990105,100743922.0,77.32942919608848,92.30705699102072,106890263.0,82.0472626071653,97.93866868242624,111583103.0,85.64941181184457,102.23850375664286,116052263.0,89.07986781281295,106.33339105735752,119789783.0,91.94872860829562,109.7579100238226,122233223.0,93.824274216644,111.99672255818216
2020-21,18,Charlotte Hornets,0.4583333333333333,28500000.0,26.848249511088667,26.113249037932928,47400000.0,44.65287813423168,43.4304562946674,62815730.0,59.17517165828694,57.55518599963349,71859208.0,67.69452442291997,65.84131207623236,79699168.0,75.08011046632188,73.02470954737035,85044855.0,80.11598198857392,77.922718526663,89068455.0,83.90638959323414,81.6093595382078,93002775.0,87.61269152363647,85.21419736118746,95334368.0,89.80915435248937,87.35052959501559,97584368.0,91.92875299810164,89.41210188748397
2020-21,19,Orlando Magic,0.2916666666666667,28489239.0,23.684498194921176,26.10338922484881,47649953.0,39.61373716639391,43.659476818764894,61149953.0,50.83694764356517,56.02891057357522,73438650.0,61.05314267476391,67.28848268279273,80801216.0,67.17400399847241,74.03446582371267,86770256.0,72.13635898118756,79.50362470221734,92343589.0,76.76974337514046,84.61021531977276,97792429.0,81.2996306474686,89.60273868425875,101092429.0,84.0430820974438,92.62637804654572,104377549.0,86.77416307542639,95.63638354407183
2020-21,20,Milwaukee Bucks,0.6388888888888888,33051724.0,24.21442697378991,30.283785962983323,60579814.0,44.38211701721748,55.50651823346161,86710925.0,63.52634922288089,79.44926241524647,99408600.0,72.8289479019821,91.08356239692138,107378137.0,78.66760768570221,98.38568535825544,112316409.0,82.28549541587662,102.9103985706432,115939409.0,84.93978567093384,106.22998808869342,119439409.0,87.50396339456074,109.43687832142204,122608757.0,89.82589812028117,112.3408072200843,125652917.0,92.0561173371829,115.13003206890234
2020-21,21,Boston Celtics,0.5,34379100.0,26.290198703051736,31.5,57816600.0,44.21319645758211,52.97471137987906,75266600.0,57.557465719088455,68.96334982591166,88713028.0,67.84014513670783,81.2836980025655,98610148.0,75.40861701025739,90.35197727689209,107868148.0,82.48834450727892,98.83466006963532,111499348.0,85.26517605698562,102.16176287337365,114957748.0,87.90986492884772,105.33053692505038,117456508.0,89.82070310992977,107.62003665017409,119706508.0,91.54131089436468,109.68160894264248
2020-21,22,Detroit Pistons,0.2777777777777778,32455565.0,27.690514998693907,29.73755268462525,51503184.0,43.94160721073541,47.19001649257834,64103184.0,54.69170473587612,58.73482133040133,72103184.0,61.5171634819972,66.06485614806671,77789861.0,66.36893589024915,71.27529869891882,83096981.0,70.89687696783841,76.13797049660987,88096981.0,75.16278868416408,80.71924225765072,92863981.0,79.22990891450898,85.08702675462708,96313381.0,82.17287608936773,88.24755451713395,99517981.0,84.90698422659518,91.18378321422028
2020-21,23,Chicago Bulls,0.4305555555555556,26000000.0,20.09059529407477,23.822613157412498,45500000.0,35.158541764630854,41.68957302547187,59045000.0,45.6249691976402,54.100238226131566,69045000.0,53.3521212338228,63.26278174821331,78765900.0,60.86360845667555,72.16959868059372,86294920.0,66.6813966790215,79.0680960234561,93363280.0,72.14322591566867,85.54451163643027,100094788.0,77.34476449054661,91.71228513835442,105667468.0,81.65085905144602,96.81827744181784,110667468.0,85.51443506953733,101.39954920285872
2020-21,24,Indiana Pacers,0.4722222222222222,20700000.0,16.466798578716407,18.966465090709185,38700000.0,30.78575386455676,35.45904343045629,55887500.0,44.4583674187446,51.20716510903427,72091204.0,57.34837369879974,66.05387942092726,83841204.0,66.69546951038997,76.81986805937329,94341204.0,75.04819342713017,86.4405387575591,101674537.0,80.88184161175114,93.15973703500092,107394937.0,85.4324056015912,98.40107843137254,110894937.0,88.21664690717127,101.60796866410116,113852457.0,90.56934672033674,104.31780923584388
2020-21,25,Philadelphia 76ers,0.6805555555555556,33517241.0,23.16035068237758,35.60247814494971,63059251.0,43.57382419776344,66.98241080059059,92309251.0,63.78551935070112,98.05216638518,107675105.0,74.40329565198482,114.37398956905984,117265707.0,81.03038365052001,124.56125999808802,125079660.0,86.42981052147327,132.86134922405276,130085010.0,89.8884979858752,138.17810139893567,132796290.0,91.76198738191816,141.05806060992322,135361043.0,93.53422689571586,143.7823768097469,137839883.0,95.24710068761016,146.4154350296889
2020-21,26,Brooklyn Nets,0.6666666666666666,41254920.0,24.808720515194928,37.8,81363870.0,48.928309904967776,74.55000000000001,114824220.0,69.04975169883389,105.20819131390876,130895649.0,78.7143345010984,119.9337080813634,142349697.0,85.60224691492995,130.4285294117647,152725375.0,91.84167958520678,139.9352895363753,155290128.0,93.38399842542044,142.28525563496424,157380168.0,94.64084774728504,144.20026388125345,159204171.0,95.7377152395957,145.8715145684442,160868032.0,96.73828105150692,147.39603445116364
2020-21,27,New York Knicks,0.4305555555555556,18900000.0,20.263557043360475,17.31720725673447,27131760.0,29.08920457390296,24.85959318306762,34814686.0,37.32642199511552,31.89910756826095,41246353.0,44.22210724053346,37.79215044896464,47422931.0,50.84429986676443,43.451466923217886,53422931.0,57.277175118624896,48.94899303646692,58422931.0,62.637904495175285,53.53026479750779,63284971.0,67.8507206267679,57.985130108118014,64284971.0,68.92286650207798,58.90138446032619,68873651.0,73.84260083719583,63.10578248121679
2020-21,28,Toronto Raptors,0.375,30559200.0,23.905854154044253,28.000000000000004,61059200.0,47.76539732593192,55.94575774234928,82309200.0,64.38884953585367,75.41616272677295,92356650.0,72.24876976675147,84.62218251786696,99356650.0,77.72473049472569,91.03596298332415,105856650.0,82.80955117070175,96.99161627267728,109856650.0,85.93867158668702,100.65663368151,113728865.0,88.96782833958312,104.20456752794576,117533015.0,91.94373919720071,107.69013652189848,119791015.0,93.7101276720244,109.75903884918456
2020-21,29,Boston Celtics,0.5,34379100.0,26.290198703051736,31.5,57816600.0,44.21319645758211,52.97471137987906,75266600.0,57.557465719088455,68.96334982591166,88713028.0,67.84014513670783,81.2836980025655,98610148.0,75.40861701025739,90.35197727689209,107868148.0,82.48834450727892,98.83466006963532,111499348.0,85.26517605698562,102.16176287337365,114957748.0,87.90986492884772,105.33053692505038,117456508.0,89.82070310992977,107.62003665017409,119706508.0,91.54131089436468,109.68160894264248
