-1.548839664154241014e+00,-6.741654306027274890e-01,-1.478914176206975739e+00,-1.626749027817618654e+00,-9.799608267592181399e-01,-1.576107857838318749e+00,-1.588059262903763313e+00,-8.094704714027896042e-01,-1.490217138128769214e+00,-1.518512572408746708e+00,-4.807585214358765513e-01,-1.383678432433629091e+00,-1.464337887225334311e+00,-1.941416827100741482e-01,-1.308160906549269642e+00,-1.420929883317488374e+00,1.649248751303936111e-01,-1.237637615374445721e+00,-1.495823456215102265e+00,2.221681370716005188e-01,-1.304680474619198671e+00,-1.606920700922870315e+00,1.399942969516574931e-01,-1.420635975535749829e+00,-1.676171278438880696e+00,1.689424244213512116e-01,-1.493253406055255361e+00,-1.723617895400113120e+00,2.841251406640259436e-01,-1.543530333119975673e+00
-7.885109806980240832e-02,-6.377953656175074926e-01,-3.388566786770201844e-01,-1.605963696262348306e-01,-7.641137412389672479e-01,-4.121614726101893722e-01,-2.561097888044654436e-01,-1.019629611230388644e+00,-5.230010027725010557e-01,-3.256632332731984047e-01,-1.303802049228632631e+00,-6.147083180954788784e-01,-2.601442890465905933e-01,-1.340844380750678910e+00,-5.631121084376080610e-01,-2.206229410357659904e-01,-1.451660622343496243e+00,-5.414157736534451759e-01,-1.303804139087289538e-01,-1.496183006649396408e+00,-4.699949230640999565e-01,2.199666407516614065e-03,-1.440850714343524741e+00,-3.546728793809503788e-01,1.274359378466420056e-01,-1.334657150430357042e+00,-2.430099147961191919e-01,2.522366880818245338e-01,-1.216963163936726433e+00,-1.279596217941114944e-01
1.350754045476503684e+00,1.441122770860536750e+00,1.549114552988314575e+00,1.481009593501119159e+00,1.784162777718548254e+00,1.682212931607608208e+00,1.165111073505861183e+00,1.435300195948872037e+00,1.309441352932371849e+00,1.157660119500117046e+00,1.544706678071460448e+00,1.302075677999678271e+00,1.191790266473284676e+00,1.726364568801147747e+00,1.347116235028148257e+00,1.216334488873608066e+00,1.901801015782658588e+00,1.378810561627559439e+00,1.130253526053097701e+00,1.862650120698985168e+00,1.288604454504680197e+00,1.048791704675116732e+00,1.820381242115552078e+00,1.207714060415131740e+00,9.513489676762151293e-01,1.671562588524380777e+00,1.109492058489050192e+00,8.652299567015035997e-01,1.560080827197292352e+00,1.023330981835229414e+00
1.579518411682488743e+00,1.618759053034916295e+00,1.394350127079195589e+00,1.709586265528205473e+00,1.976731073485663126e+00,1.528917022948174553e+00,1.049084650800529817e+00,1.114366176116796225e+00,8.124221089543064434e-01,8.451200733123520603e-01,8.414532273949061336e-01,5.839149744805413045e-01,7.213285953329851008e-01,6.540875126856764421e-01,4.467041600768135168e-01,6.280728892228636395e-01,4.730630096978882260e-01,3.344207851149690325e-01,5.993807795344082701e-01,3.930636581501183446e-01,2.855276003352626990e-01,5.690190537320803932e-01,2.867114052606684060e-01,2.361483106140355726e-01,5.439529431531962000e-01,1.700326861657312782e-01,1.948201228496692916e-01,5.419865326392725446e-01,1.097617652893797258e-01,1.794318467806926831e-01
-1.396780255744183297e+00,-1.627716920920587729e+00,-1.294676565124053047e+00,-1.213725962392695923e+00,-1.456738681483055631e+00,-1.079138857321690459e+00,-1.161869121679434791e+00,-1.464655351162265084e+00,-9.846917301951828572e-01,-9.992688728274795595e-01,-1.245835713487285501e+00,-7.674051458200276121e-01,-8.463996335909007573e-01,-9.815741083577086412e-01,-5.710971531223034692e-01,-6.831666042413792050e-01,-6.302939159043988715e-01,-3.549969106700996968e-01,-6.311888755185338651e-01,-5.025202053648858413e-01,-2.669246787382908437e-01,-5.763935445890220333e-01,-3.339611508614009350e-01,-1.753568064712663632e-01,-5.968793024421608084e-01,-3.822311229822339951e-01,-1.780053145787431623e-01,-6.132341820821112233e-01,-4.419627044838209118e-01,-1.778860308374366761e-01
-2.921808849382143691e-01,2.491689168892013140e-01,4.367369816376136249e-02,-1.300691744686415796e-01,5.444352678532264900e-01,2.247685412726646292e-01,-1.179454817635263754e-02,8.714895770249708740e-01,3.794691493925283488e-01,-3.389616082307746886e-02,9.841127205057318417e-01,3.783640074962443256e-01,-1.771598994146850181e-01,7.915284826439620280e-01,2.271579274026208628e-01,-2.801745744925939197e-01,6.688497840460754240e-01,1.271322210117289964e-01,-3.336725883910999779e-01,6.750119820695561490e-01,9.016172311106246395e-02,-3.532101517731596751e-01,7.867074141394375664e-01,9.433587289825721978e-02,-3.759479387728029143e-01,8.755801786998432812e-01,9.122633068117620703e-02,-4.446385058440900928e-01,8.098730133237217466e-01,2.946726684011077152e-02
1.878727720267375556e+00,1.517392963995693567e+00,1.707061864080680058e+00,1.950574708066403984e+00,1.790561916847905444e+00,1.779040981269693900e+00,1.584807074058474985e+00,1.381669711881539309e+00,1.360552014951656119e+00,1.454336645391439253e+00,1.248681235069228679e+00,1.207618070868986315e+00,1.374487811509529811e+00,1.168398256721066231e+00,1.118725581068127140e+00,1.239401248067551142e+00,9.363512443351446057e-01,9.652990185156345992e-01,1.151867001270735269e+00,7.447971873386011188e-01,8.575171609477849621e-01,1.132417391897508674e+00,6.674173171717808772e-01,8.234035881147966363e-01,1.121494089066412236e+00,5.899531627605405504e-01,8.019138511623175036e-01,1.126917416575415221e+00,5.672634898862117803e-01,7.999766608858100980e-01
1.127951150414786829e-03,1.627506268704585590e+00,3.990513747936474953e-01,-1.785104231293719590e-01,1.366850145845580844e+00,1.664817264529316887e-01,-3.442304036763254582e-01,1.249701391128766437e+00,-1.484961870613911959e-02,-5.311328173444093137e-01,1.083395827776537867e+00,-2.117898427792158367e-01,-5.973927564087078146e-01,1.117651877923147019e+00,-2.740869867414867378e-01,-6.287921788228924003e-01,1.285105479716311061e+00,-2.899447692442362334e-01,-7.569504395883833725e-01,1.215996766699934950e+00,-4.178668165225479791e-01,-8.967971775555509950e-01,1.079446555588617906e+00,-5.625294951030086477e-01,-1.001632706220374036e+00,9.814716844553417197e-01,-6.712463963965662472e-01,-1.092183863603829908e+00,9.178689419445763553e-01,-7.669390724168145823e-01
1.127951150414786829e-03,1.399170430432219892e+00,3.990513747936474953e-01,-7.158749039213326837e-01,1.065989971369192824e-01,-4.801007801622141358e-01,-1.035042325760083592e+00,-4.604437602102631755e-01,-8.342561345714610832e-01,-1.143315980643310414e+00,-6.388218266238402387e-01,-9.383699252336906715e-01,-1.190213577528142608e+00,-7.233187031601729933e-01,-9.811911948950091666e-01,-1.191182809073569882e+00,-6.680065395368649517e-01,-9.627742204812260729e-01,-1.210394936952746470e+00,-6.379296993729555165e-01,-9.621021105482340241e-01,-1.195964871447457334e+00,-4.834689662568951718e-01,-9.240408778655999633e-01,-1.193434453011083196e+00,-3.511194841961127189e-01,-9.049800727498756858e-01,-1.188922010604618995e+00,-2.014159096203187171e-01,-8.859158708698755547e-01
3.215186025280463711e-01,4.737465338046989993e-01,5.299847994069862844e-01,7.125181916341342125e-01,1.136036941200563311e+00,9.679395615718127122e-01,8.554730844754041552e-01,1.489667620728199360e+00,1.119588509840425017e+00,9.908927529494664377e-01,1.906645319121505588e+00,1.281470713740094913e+00,8.716757599023108316e-01,1.837024174332156701e+00,1.159445028130248190e+00,6.426871245264513810e-01,1.492852254048885774e+00,9.106879633979529931e-01,5.126288298370627050e-01,1.329229621747588963e+00,7.750272963374587043e-01,3.841341381707867320e-01,1.123314429544092663e+00,6.429251336177373988e-01,3.040963745118613892e-01,9.825632669009566333e-01,5.646808772669625887e-01,2.415522716951139792e-01,8.869041293026626027e-01,5.052557805982552663e-01
4.346674112541546453e-01,1.860145435421242943e-01,1.978353974906212898e-01,7.418770352476072860e-02,-2.782524641031622337e-01,-1.684770821520536477e-01,-1.025863374100647318e-01,-6.081737034987202417e-01,-3.659219048518897455e-01,-1.251090188237889977e-01,-7.544497547908595170e-01,-4.093851370156140201e-01,-1.186116181455986601e-02,-6.363974556165072904e-01,-3.076589572942314277e-01,6.267962536749988045e-02,-5.890007118257287733e-01,-2.490533794924134070e-01,2.045736678014646315e-01,-3.884882814456226963e-01,-1.232166135151960273e-01,2.021087829048763829e-01,-5.144956810370840961e-01,-1.462986692867813965e-01,2.457713711456257499e-01,-5.126536067522754481e-01,-1.186192979520553220e-01,3.122792015509741614e-01,-4.363921258716096929e-01,-6.426137746754806424e-02
-6.538902443101438644e-01,-2.319076735536763079e-01,-3.945791463909759655e-01,-6.732271445415364264e-01,-2.969303209187306170e-01,-4.287849672512669685e-01,-8.089490423682812459e-01,-5.315408018023516368e-01,-5.660756013724906888e-01,-7.531569086307114969e-01,-3.966444265078191700e-01,-4.753029418399240535e-01,-6.488477044968916640e-01,-1.325228053094908709e-01,-3.354613667013059963e-01,-5.703631889729643412e-01,1.296898064459308664e-01,-2.200418529037999338e-01,-6.095479298816052216e-01,1.269225648595153078e-01,-2.409506808616704854e-01,-6.473243401793763452e-01,1.250570199897794166e-01,-2.610689021214889771e-01,-6.685073874990505871e-01,1.610768818405972913e-01,-2.652928181110392192e-01,-6.635578695108441671e-01,3.060754342723918109e-01,-2.397783804663196072e-01
-8.821948161302212155e-01,-9.203444431852695340e-01,-6.711966168339188465e-01,-7.419663491472116013e-01,-7.619228337391495964e-01,-5.114952482716371707e-01,-5.955568562895369178e-01,-5.409103960097880748e-01,-3.129604739145903092e-01,-3.765894286867725316e-01,-1.239462350091341536e-01,-2.836737250321663337e-02,-7.848492572340744211e-02,5.479139881481578378e-01,3.448553608442915253e-01,8.514522163407672872e-02,1.028481654603863538e+00,5.641912769998332911e-01,-6.395392145013905141e-03,9.433818310111682370e-01,4.829679037179151480e-01,-7.494144021047230431e-02,9.018352340253313892e-01,4.305931251032316109e-01,-1.484369898522616693e-01,7.961944395174103128e-01,3.684759980674364721e-01,-2.142165153089954643e-01,7.019257923799266941e-01,3.128598226932175486e-01
6.932917577971341450e-01,5.328785602148299327e-01,8.129382487480394381e-01,1.007659834353102468e+00,1.062711552401019777e+00,1.155852608263786996e+00,1.093368288225052609e+00,1.275019561366935950e+00,1.230797675520159729e+00,9.872641813275389033e-01,1.191945528392782006e+00,1.115176523782153817e+00,8.021236895585291959e-01,9.213622189957099140e-01,9.175806782614870372e-01,7.015525415570811330e-01,7.544938540502260649e-01,8.096481434875631988e-01,6.952482603996885668e-01,7.659636778864282736e-01,8.060980621515884126e-01,7.552640060017621337e-01,9.520965893120687529e-01,8.799190316825331593e-01,7.554174464506449027e-01,9.895806367413686466e-01,8.888343859303672323e-01,7.617355521875255331e-01,1.084807180211160071e+00,9.056984689122274945e-01
1.161942183398670059e+00,8.827677201601115131e-01,9.579299224580737349e-01,8.220533229697798427e-01,5.334280549437401264e-01,6.077390179147103000e-01,7.766067855846744417e-01,4.772751475703447821e-01,5.336335793668217642e-01,8.040416764204223465e-01,5.175231855873811959e-01,5.418597768539660242e-01,8.024684292876756997e-01,5.203535666423882988e-01,5.301871840666233515e-01,9.043792186814395562e-01,7.086366567424043916e-01,6.195632073243310112e-01,8.167781264955408238e-01,5.070951244104054956e-01,5.105992999983387515e-01,7.877956865895872074e-01,3.999388762917291951e-01,4.641889765800968903e-01,7.588370376489254054e-01,2.666993697041258882e-01,4.206997627776998261e-01,7.425467697493410846e-01,1.539506863867891595e-01,3.922033356390794423e-01
2.913537215016528958e-01,1.019639613846189397e+00,4.805438609577681458e-02,-9.009534303789689183e-03,5.964349140471167932e-01,-2.548282043383200413e-01,-1.605360639666589262e-02,6.802127067285431705e-01,-2.773850513305839427e-01,-1.640189344904701418e-01,4.992168463301038805e-01,-4.492202892320117935e-01,-2.101699868500858659e-01,4.783174479955289993e-01,-5.116946274568801023e-01,-2.858114156018758401e-01,3.844116165988524791e-01,-6.086889323043412903e-01,-3.546782153005062499e-01,2.996543722128633958e-01,-7.022106703839781083e-01,-3.726554894887185165e-01,3.481614498374240307e-01,-7.454011682063206301e-01,-4.259874710455980873e-01,2.644357184160180396e-01,-8.247518097543178328e-01,-4.574377717573049340e-01,2.420808821381993658e-01,-8.808431125623984448e-01
1.127951150414786829e-03,8.336398264196670516e-01,3.990513747936474953e-01,-3.438030220587684482e-01,2.837412605153440959e-01,-3.240619182404524956e-02,-2.886346057577664492e-01,4.752328471727527703e-01,5.109533333201528305e-02,-2.336770213346078540e-01,7.196607154588200439e-01,1.412506682121640045e-01,-9.886216018882004741e-02,1.157857725477874133e+00,3.205498241159828177e-01,-1.546364967338339225e-01,1.198814332070554878e+00,2.773226961448657102e-01,-2.820940560148690879e-01,1.065647457208724003e+00,1.520675525926261096e-01,-4.251324194623808950e-01,8.423688798671165046e-01,7.425691837240261384e-03,-5.209336675033924280e-01,6.888618515595783531e-01,-8.545635319418405651e-02,-5.995100085235587350e-01,5.663464232850096147e-01,-1.610068752815876358e-01
-8.192607372127129750e-01,-9.169799303809755830e-01,-8.807030849261300309e-01,-1.017138181528435714e+00,-1.306408673555399691e+00,-1.095703070698891501e+00,-1.012487652151578210e+00,-1.403480110488361854e+00,-1.077619186235960758e+00,-9.793698855365652323e-01,-1.468591043306054500e+00,-1.041930316288192104e+00,-8.546224632814048983e-01,-1.314921713094097111e+00,-9.086764947698093842e-01,-7.778706766768157532e-01,-1.239130953361001763e+00,-8.260581992306124111e-01,-6.746133414020200059e-01,-1.082225068243150679e+00,-7.133478657397748224e-01,-6.692512123639459132e-01,-1.175116199464450339e+00,-7.108984926760281153e-01,-6.371673119069664049e-01,-1.172159181070862699e+00,-6.794916786956457511e-01,-6.083817122428660795e-01,-1.207134078610194727e+00,-6.515870439714073203e-01
-5.760583830434411468e-01,-9.055962774828351103e-01,-5.032089320236600161e-01,-3.439407267312771244e-01,-6.077274170974241718e-01,-2.397426360969125703e-01,-2.461179363587263635e-01,-5.115471907968073273e-01,-1.217923165587749962e-01,-2.118227650746397073e-01,-5.187137513239935549e-01,-7.468662586357262267e-02,-2.028462756423556612e-01,-5.570735071020120888e-01,-5.819903691452551348e-02,-1.924098976077781575e-01,-6.069417591020263014e-01,-3.849275784292398306e-02,-1.056957875944473102e-01,-4.897230087501586171e-01,6.997040632965600970e-02,-1.148209885486241311e-02,-3.213181025720243666e-01,1.887467637236478757e-01,1.300993927753866242e-01,4.803137342298587076e-02,3.632363358743054826e-01,2.827890710382821582e-01,5.611299424386139156e-01,5.534388564385628317e-01
1.432717936730707464e-01,1.536080277787141180e+00,-1.067100398133416228e-01,-8.467262558225655544e-01,-2.350051523099649375e-01,-1.124301528998650879e+00,-1.220286720742346009e+00,-9.448709805621919866e-01,-1.509508544969329513e+00,-1.481061713243105649e+00,-1.534567427347471424e+00,-1.797580949186981414e+00,-1.626113885999525888e+00,-1.953980082632581272e+00,-1.968528746280961528e+00,-1.727552179192339166e+00,-2.305709588464896154e+00,-2.096535607165953774e+00,-1.806552022744072117e+00,-2.661932528292401123e+00,-2.205337134921961706e+00,-1.862799786370634036e+00,-3.027792237665007047e+00,-2.298645193439161183e+00,-1.873354993033323757e+00,-3.241662494635094038e+00,-2.346180631544624084e+00,-1.884549113508800167e+00,-3.598813547237269539e+00,-2.394845136724913282e+00
1.063366069063544916e-01,1.860794492143203749e-01,-1.453120019812971508e-01,-6.082223374718106340e-02,-3.739312323556204243e-02,-3.086050466615773424e-01,-2.175569720507372351e-01,-3.038785560911949069e-01,-4.835552918861765193e-01,-2.908797674172100001e-01,-4.761584463072211504e-01,-5.790977382922010142e-01,-3.114870548215463164e-01,-5.614358287146070658e-01,-6.159375720599152837e-01,-3.843593742742220654e-01,-7.853716162057695627e-01,-7.103883891886024760e-01,-3.863398058634204268e-01,-8.885244042388239505e-01,-7.349899480598242052e-01,-3.324940510657595771e-01,-8.589344842326139817e-01,-7.035391053136549333e-01,-2.315903419425616450e-01,-6.467291900725311571e-01,-6.204074462132136425e-01,-1.993898947981327108e-01,-6.363359352009737568e-01,-6.070838082830726234e-01
4.346674112541546453e-01,8.606826505712057013e-03,1.978353974906212898e-01,8.460239885869528242e-01,6.205128253485362455e-01,6.326183760474897166e-01,7.670859760652746218e-01,5.242098708653614159e-01,5.238922652079898157e-01,7.942723390900392477e-01,5.735591351252232739e-01,5.318581350374467220e-01,7.858813505800634758e-01,5.718434135697159082e-01,5.131210967679761259e-01,7.440362688169800398e-01,4.804257985589118207e-01,4.540925965057672764e-01,7.853551525595110494e-01,5.469521774013215154e-01,4.780670623647508277e-01,8.377586813907200725e-01,6.572112435219477078e-01,5.162676399149088713e-01,8.770719419935304462e-01,7.501294282853989692e-01,5.449847066352627722e-01,8.840483638301833702e-01,7.886506832492810037e-01,5.423203542577439418e-01
-1.263506520698459257e+00,-1.600762510963144036e+00,-1.576972085949964519e+00,-1.157878180958110903e+00,-1.555679168291363323e+00,-1.447248763872487576e+00,-1.181373698436890773e+00,-1.728769445737853072e+00,-1.469694286068890854e+00,-1.171950811696258477e+00,-1.879489713536668161e+00,-1.481119718061500778e+00,-1.141252878676312310e+00,-1.968712709044919018e+00,-1.469665720153878974e+00,-1.054141284708843607e+00,-1.935506500056039636e+00,-1.401589479904021163e+00,-9.248336091803956993e-01,-1.795665098935976811e+00,-1.292493143313878878e+00,-8.176981804648981722e-01,-1.682587855793940435e+00,-1.209289062941574233e+00,-7.417516482231393260e-01,-1.595918768516235930e+00,-1.156673531603542804e+00,-6.571664002162285190e-01,-1.487202202117583472e+00,-1.092732359689320143e+00
5.875175771588171392e-01,1.870714235264808456e-01,3.575832379140142514e-01,7.627744931914886006e-01,4.868470409170619351e-01,5.462130152871618183e-01,7.540879542747942477e-01,4.833756593905657595e-01,5.105932055590765017e-01,8.178814608810590636e-01,5.883238615987077536e-01,5.560286567187895379e-01,9.695700089506937847e-01,8.811719018689090355e-01,7.021143929826801910e-01,1.071710270391988296e+00,1.108658838182048356e+00,7.922453948409201585e-01,1.026844005013842542e+00,1.051813716380843200e+00,7.280807227490240230e-01,9.967518934911776540e-01,1.014931017922257706e+00,6.819933734994767516e-01,9.741043418775153784e-01,9.705847829537963545e-01,6.469822211492213260e-01,9.470075557398822674e-01,9.292581093639123990e-01,6.091128610525778919e-01
-8.238862724369941382e-02,-1.596321028217242283e-02,-5.560969663543552377e-02,3.109482296607262719e-01,6.146320405480246718e-01,3.811160874650140196e-01,3.790535077596675351e-02,2.132124707256707052e-01,7.381044051947956153e-02,-1.288217955016382477e-01,-7.521506848542854062e-02,-1.090047996725530821e-01,-1.344633645477484041e-01,-8.835215592086130554e-02,-1.148338668381664457e-01,-4.237740299871609745e-02,1.147011086206510544e-01,-1.286897930070054867e-02,-3.639053097948505289e-02,1.444257527710119393e-01,-5.433249322725555719e-03,-5.020173239921534025e-02,1.232463113856321762e-01,-1.957926457907269505e-02,-6.345017601702476751e-02,9.307234623810621554e-02,-3.337263097609571155e-02,-9.270271191311636738e-02,-2.047503358564334904e-03,-6.546244182233744435e-02
-3.517210741518193573e-01,-8.588924067340287793e-01,-3.571877020852395335e-01,-3.475026184486300629e-01,-8.897764289360985401e-01,-3.510748445440531329e-01,-3.126232259634967314e-01,-9.479013535078285591e-01,-3.104352533849351614e-01,-2.043353502965484791e-01,-9.051599498360324292e-01,-1.918320059691797919e-01,1.778868782877368691e-03,-6.256890790367112265e-01,3.534807591954211570e-02,1.949724945163257839e-01,-3.314313860644944598e-01,2.495540569365776451e-01,2.822590735044403498e-01,-2.297705018004339295e-01,3.480118310565551987e-01,2.490189760206345804e-01,-4.174127546725244775e-01,3.145733934398314835e-01,2.640888499346856766e-01,-4.894858930294562760e-01,3.355011402607216975e-01,3.028719507562802060e-01,-5.038995367423002580e-01,3.841506733696557485e-01
-1.252500527621155380e-01,-2.665502814113003272e-01,1.571295257304113069e-02,1.555158756737854142e-01,1.591029084342043542e-01,3.312070115864720887e-01,2.838180247204338258e-01,3.814949900064625865e-01,4.753915101621183359e-01,3.050718661764552642e-01,4.505386627529553989e-01,5.081531541739656710e-01,4.625699425941308118e-01,8.006455617454789619e-01,6.958479552530133505e-01,5.309695363289611558e-01,1.011157652896938819e+00,7.837084890015740823e-01,5.123072797009875501e-01,1.058209407670265945e+00,7.746606424269861790e-01,4.712747467373864518e-01,1.051703710892977206e+00,7.429649597075602685e-01,4.167532340671274982e-01,9.715779999880737039e-01,6.951090558558213894e-01,3.765061749096691446e-01,9.419800532309907659e-01,6.629424647518766811e-01
8.228096909073417953e-01,7.186657276845015430e-01,9.579625872031917178e-01,7.986447253814735747e-01,7.792887848230529713e-01,9.234298421889275410e-01,7.320472961531468981e-01,7.256164652608423360e-01,8.347214508302313041e-01,5.660346498913872981e-01,4.777368208554538809e-01,6.531499989648472670e-01,4.254505018977543518e-01,2.265710506762806942e-01,5.023679375076446352e-01,3.673170093318420815e-01,8.202256936459602354e-02,4.401046800050451013e-01,3.677326042021132335e-01,3.311089472753903085e-02,4.428187867302236791e-01,3.659171201111383609e-01,-3.490337742530663645e-02,4.451185878937819473e-01,3.729416231592873054e-01,-8.444354289976116479e-02,4.580909075480698589e-01,3.815325497346015449e-01,-1.364484588158708100e-01,4.735568974964765032e-01
2.180126864400991682e+00,2.349729252803161916e+00,2.022062257412506447e+00,8.465941146528550565e-01,7.131117667164638130e-01,6.332101147501587590e-01,5.138992890544913372e-01,2.378155756312949898e-01,2.648417029652729848e-01,5.310180405688323946e-01,2.455476396525334837e-01,2.623439283491726393e-01,5.320298574433705019e-01,2.359674787460283585e-01,2.519387741221965626e-01,5.058760946220789423e-01,1.500447270758146767e-01,2.083162182490443104e-01,5.223348183443617954e-01,1.321258221692747370e-01,2.057618364949188594e-01,5.474024460330821906e-01,1.311008400701133558e-01,2.136163539273390755e-01,5.804963160152863955e-01,1.596336496158741736e-01,2.332334075705112530e-01,5.637160311175701821e-01,4.454885292173737382e-02,2.024843611274713961e-01
1.161942183398670059e+00,7.544247840118954995e-01,9.579299224580737349e-01,6.275833697600640138e-01,1.455256578919761623e-01,4.058969961185607267e-01,6.564427737634298543e-01,1.560930530903123503e-01,4.106865350686055849e-01,7.848613040371732463e-01,3.163130246853649852e-01,5.222233155467994603e-01,9.400297552694034664e-01,5.746718667235306555e-01,6.717210635100419047e-01,9.284169749006740968e-01,5.314667152501846292e-01,6.443696750091721936e-01,9.235437911753028306e-01,4.819218815004964185e-01,6.211339038057543949e-01,9.834381642787192179e-01,5.784318924467886092e-01,6.681158782823412023e-01,1.027962581900551564e+00,6.544735522926743432e-01,7.035963688464237364e-01,1.033133376100054956e+00,6.527993529618858481e-01,7.004825128401692691e-01
-1.041383628955586227e+00,-1.433387617606439068e+00,-1.344825447086287262e+00,-7.988567288786354581e-01,-1.159739391948248155e+00,-1.074617339018059781e+00,-6.091214155852873180e-01,-9.448867465584033232e-01,-8.841884786048824774e-01,-5.190263589223476082e-01,-8.776105585900583206e-01,-8.126694139060284261e-01,-5.325587689377280221e-01,-9.838017441772159977e-01,-8.433934875272180998e-01,-4.914982056612038908e-01,-9.890938450395517778e-01,-8.209534491864206585e-01,-4.275888861097331684e-01,-9.465202131709364863e-01,-7.776951637873946721e-01,-3.471135867715812173e-01,-8.447090821824532192e-01,-7.187777010216409579e-01,-2.696698743515300589e-01,-7.008008649962051972e-01,-6.604354952382014421e-01,-1.793501929867494515e-01,-4.841352083166249320e-01,-5.858239750672497026e-01
2.195511688210814327e+00,2.220990009739900906e+00,2.038141352677909079e+00,1.802899052442912486e+00,1.909487345876466735e+00,1.625767159740188372e+00,1.403305175287562934e+00,1.452263309458106777e+00,1.174846480905456847e+00,1.075777825008379152e+00,1.006031825677809355e+00,8.200575230127462589e-01,9.167269988465212016e-01,7.661431572381290911e-01,6.477453603484307765e-01,8.533844052508736677e-01,6.483550616474859085e-01,5.669376136573359704e-01,8.211522424037718260e-01,5.657549330966551437e-01,5.151278267524627141e-01,8.456473277182439130e-01,6.037920381612239540e-01,5.244903286847409918e-01,8.838033115050809574e-01,6.838098411435334922e-01,5.520605180165527592e-01,8.796048907445506160e-01,6.732489313249870877e-01,5.376063371736234942e-01
-1.922471099535649763e+00,-1.493670245566910415e+00,-1.931611998721985968e+00,-1.744279886021253834e+00,-1.299049745964393043e+00,-1.717526577568244894e+00,-1.872833010102747275e+00,-1.571351979244126396e+00,-1.828001499606449975e+00,-1.919644321398086717e+00,-1.650769694356196693e+00,-1.859768525609678091e+00,-1.945038082002124691e+00,-1.713518269328670129e+00,-1.881529989546450343e+00,-1.943291656607171181e+00,-1.646819113369424104e+00,-1.862577588348424795e+00,-2.020468564675252932e+00,-1.816431841940250758e+00,-1.934372502026272311e+00,-2.061833449601465862e+00,-1.885973044603739268e+00,-1.970348194364267780e+00,-2.058965934370311057e+00,-1.766895292009894591e+00,-1.959735092047842908e+00,-2.043505973018285182e+00,-1.622010487194642581e+00,-1.936955889824141908e+00
9.195172593504982173e-01,4.346665144716571061e-01,7.045650808022562162e-01,3.547908922155880163e-01,-2.391533614404307284e-01,1.227633588158375394e-01,3.868924540223294128e-01,-2.623221910599234374e-01,1.348933537365156199e-01,4.129326266316365457e-01,-3.179124534069044383e-01,1.414505684400799712e-01,5.326741426905110544e-01,-1.829740091414737702e-01,2.526016653079661833e-01,7.474196876138615719e-01,1.423671014200482421e-01,4.575842147867588139e-01,8.781139846835633866e-01,3.420846485529115411e-01,5.741003778433209082e-01,9.426971602536663442e-01,4.296513456333682646e-01,6.256497082501406570e-01,9.769304534042611010e-01,4.586841296790065692e-01,6.499529438337264819e-01,1.028744363590102129e+00,5.723948479981602055e-01,6.958262722023600411e-01
1.617746353679148541e+00,7.190935555244212241e-01,1.848072248960464625e+00,1.591201255398800862e+00,8.102022595815967509e-01,1.804744986743014978e+00,1.488313812821226323e+00,6.750484932080688116e-01,1.663732754778177503e+00,1.677247876574543328e+00,9.253417275195848779e-01,1.871986635857353365e+00,1.943316825128937664e+00,1.367523294685079938e+00,2.175535704188074071e+00,1.965852516095150770e+00,1.422551560907465262e+00,2.207506080257752856e+00,1.968905685911839232e+00,1.438010708970398399e+00,2.218834638005450888e+00,1.885501341052937541e+00,1.259664881394063851e+00,2.142103763795470517e+00,1.825362425580996151e+00,1.079792962646773047e+00,2.093804200812510619e+00,1.785670532986965320e+00,9.499885414485280677e-01,2.069510613412622213e+00
-8.636853155612875810e-01,-1.526596011761642613e+00,-1.159108135995345013e+00,-7.031176749907753765e-01,-1.390738969764254707e+00,-9.752489590568795830e-01,-4.571258774537793057e-01,-1.165977171551509928e+00,-7.286726808501822195e-01,-1.506933982328808597e-01,-8.014232908867975347e-01,-4.355778858473963178e-01,1.162628043091117579e-02,-5.945919613953191130e-01,-2.834932348756615816e-01,1.989752237682214098e-01,-3.081907731362754088e-01,-1.083991384527323854e-01,3.036760777765012409e-01,-1.620918440426003249e-01,-2.061578528256622148e-02,3.880560504074818118e-01,-3.171639925142915456e-02,4.752248136362544756e-02,4.074103611908958533e-01,-4.770881735081847208e-02,5.129070378835804550e-02,4.250019614626417419e-01,-6.713884439532813442e-02,5.532458732900151499e-02
4.731835206823688522e-01,5.670392281072432761e-01,7.045650808022562162e-01,4.779357289741175130e-01,6.461092858087728041e-01,6.997785766864547119e-01,4.097042627003692483e-01,5.900526579341845990e-01,6.172524723343489894e-01,3.036187832946620757e-01,4.477760469314323033e-01,5.065146877322650454e-01,1.629619880477320981e-01,1.983740153384572769e-01,3.563334216969799573e-01,1.116891618510815476e-01,8.685386868642326619e-02,3.071496728391443498e-01,1.117269930058387567e-01,7.319755998220202342e-02,3.178910376376375968e-01,6.532728375776938878e-02,-7.392924502848681467e-02,2.769260569949565931e-01,5.885200021062460957e-02,-1.302452852577121734e-01,2.807498572159077277e-01,7.582906536260303199e-02,-1.187089894957338576e-01,3.116167507412695992e-01
1.127951150414786829e-03,2.879505356662200311e-01,3.990513747936474953e-01,9.126515726200777612e-02,4.674161441365854985e-01,4.910885384549792954e-01,4.300203523895791968e-01,1.133038990229479070e+00,9.035278645897161232e-01,3.141441280916497103e-01,1.053282495353152548e+00,7.914415910979243352e-01,1.210115860459597126e-01,7.530879198000859365e-01,5.828106045850434125e-01,4.505415202801361235e-02,6.662349952951031051e-01,5.162273691542709209e-01,-1.076580006889194148e-02,6.211644388305987974e-01,4.777224320994735707e-01,-5.637546710248618476e-02,5.915068729762266164e-01,4.530280696097295223e-01,-7.516889567867990340e-02,6.184467893170159103e-01,4.577620514904972016e-01,-1.268785131911333852e-01,5.376659294183174786e-01,4.202755237111952535e-01
4.842039258332997420e-01,-2.445217163748672207e-01,2.496073480101666520e-01,7.855671695331163384e-01,1.809671183485447032e-01,5.698697283115030654e-01,1.361396360714943521e+00,9.687796972387502370e-01,1.131967046342216010e+00,1.260062600245793751e+00,8.338263556736964510e-01,1.008724394861896911e+00,1.340201897919011786e+00,9.916077946472646731e-01,1.083449544536080777e+00,1.243453778724342040e+00,8.132380716258191811e-01,9.694811464090462572e-01,1.188158872013026945e+00,6.712286363195558714e-01,8.950901725143909360e-01,1.131210320337543651e+00,4.872250348850825641e-01,8.221454034594815052e-01,1.088619567793480902e+00,2.984056878280570979e-01,7.673571519084131376e-01,1.071100696619982307e+00,1.552891681158714565e-01,7.407615004969063666e-01
1.206877644398253180e+00,7.184454850371431167e-01,1.549114552988314575e+00,9.709235626381569340e-01,5.154718781811727935e-01,1.263333505357520314e+00,9.193457158651578975e-01,4.394804089640998446e-01,1.191566456682135344e+00,1.102474044299788458e+00,7.099675781683377762e-01,1.407287488330147607e+00,1.344015400449397823e+00,1.148152003660648957e+00,1.694698416122435880e+00,1.350123955424627153e+00,1.188174539840851196e+00,1.714768667300115457e+00,1.344694564982265250e+00,1.204370986643041430e+00,1.723806728637057084e+00,1.323103671923427260e+00,1.182517135246222928e+00,1.720888099511718172e+00,1.246233597023346018e+00,9.855873058007230680e-01,1.655437733068172879e+00,1.193944607362722232e+00,8.440742768485586245e-01,1.618077165141579732e+00
-1.840795968040711550e-01,-7.741117416959943931e-01,-5.200526781823803374e-02,1.238201055809459161e-01,-3.712285818508775925e-01,2.949742564673716316e-01,1.908268680078404056e-01,-3.413010613233081747e-01,3.705999525109981430e-01,3.046883483330789510e-01,-2.404145849760736253e-01,5.077207073231777557e-01,3.959988695665320746e-01,-1.323322464941588394e-01,6.204098820499547307e-01,5.788901168575408818e-01,1.637618649436531904e-01,8.381755628658240642e-01,6.286196984613970917e-01,2.139108227478623281e-01,9.072881813096387305e-01,7.254270808258430625e-01,3.960827343537814960e-01,1.034738860771153623e+00,7.066876827337003064e-01,2.973825002210342405e-01,1.030779890273103350e+00,7.027681468956435973e-01,2.357506421163250154e-01,1.044162772593561384e+00
9.195172593504982173e-01,1.174645626771473994e+00,7.045650808022562162e-01,1.430482190856172453e+00,2.068555898880838129e+00,1.239232525196509505e+00,9.503789711586125843e-01,1.468866313987794214e+00,7.114303778736785766e-01,6.382239430140791425e-01,1.044689116364061032e+00,3.720990735154106055e-01,4.678407442436102182e-01,7.903021349418527519e-01,1.858959808853705153e-01,3.564512293008093580e-01,6.029058117488863555e-01,5.411284505993160798e-02,3.273577204358658621e-01,5.758648746672531127e-01,3.901844020010813551e-03,2.924635624029239267e-01,5.233640661983763875e-01,-5.211784283914391164e-02,2.572995838862765505e-01,4.432352979240807844e-01,-1.065011905184508195e-01,2.416350474306594165e-01,4.217788334772852310e-01,-1.392067508272307186e-01
1.350754045476503684e+00,5.117822189474006134e-01,1.549114552988314575e+00,1.492087080731214099e+00,7.917130266381421366e-01,1.694530989550141697e+00,1.738272464748885637e+00,1.135385267645341978e+00,1.937734767825870286e+00,1.789638650771458561e+00,1.238488847003391902e+00,1.995262700208029205e+00,1.726808173457493378e+00,1.175003717382540502e+00,1.936874834228891729e+00,1.773054068882426115e+00,1.262169104513542139e+00,1.994340814845370735e+00,1.781807323601595883e+00,1.279881257845230325e+00,2.011305757457564347e+00,1.770654166780769145e+00,1.253993636518722532e+00,2.013848975710559763e+00,1.749138983670271319e+00,1.179034096676192078e+00,2.007961518730392747e+00,1.738405208285311643e+00,1.156269416956945850e+00,2.015788492444950730e+00
-8.192607372127129750e-01,-6.664443657064665627e-02,-7.831572281989249706e-01,-9.347784210737692945e-01,-3.260293276210449176e-01,-9.151538165648497314e-01,-1.067727891921251615e+00,-5.428902438265633679e-01,-1.047663012964525908e+00,-1.057928550181197469e+00,-4.553689597245251797e-01,-1.028738147904701083e+00,-9.401849577594564300e-01,-1.037631811543607008e-01,-8.937482769566134078e-01,-8.776234643111563427e-01,1.877358586766287862e-01,-8.173142482912583162e-01,-9.391968260350459508e-01,1.825616986662270680e-01,-8.804456589765229380e-01,-1.036351183231817075e+00,4.679409464496964849e-02,-9.878312594553964043e-01,-1.086804885378522378e+00,2.848072002369331571e-02,-1.045631345536107704e+00,-1.126959978817155816e+00,3.139080326544665955e-02,-1.093780289250033233e+00
-3.591319823119286103e-01,1.453702950723687604e-01,-3.654858738322915857e-01,-9.469512428628862333e-01,-8.690732727853308637e-01,-1.017655878286653826e+00,-1.172935861105618871e+00,-1.334042851864806201e+00,-1.253500804672706526e+00,-1.225251635637743641e+00,-1.529146864964408215e+00,-1.311626246979283206e+00,-1.228126487206577577e+00,-1.628501924161569692e+00,-1.320395816815702172e+00,-1.216966378311747032e+00,-1.696001403783526928e+00,-1.311539037554857456e+00,-1.211622749799770693e+00,-1.796272170022855885e+00,-1.308996913611564228e+00,-1.159309791703176051e+00,-1.770799345504866285e+00,-1.258168024039481026e+00,-1.096414371539195853e+00,-1.660696351555854378e+00,-1.196694764110374898e+00,-1.050534053480554952e+00,-1.631903810795936716e+00,-1.154140696401511068e+00
-5.383197037363269821e-01,-1.013935774739402884e+00,-5.661266664609664323e-01,-4.781537161621474130e-01,-9.803473294206428434e-01,-4.963575931008290532e-01,-1.862569049037499092e-01,-6.285816791637885981e-01,-1.719138376036464244e-01,2.273117135969147384e-01,4.572963814131157656e-03,2.816210119100290288e-01,1.160802764565593420e-01,-2.318932015870582564e-01,1.613443037024250015e-01,9.210683226164566306e-02,-3.424077323412468288e-01,1.358218847466966805e-01,5.099736414696359743e-02,-5.286451526871476236e-01,9.149711300164395378e-02,5.695685535426878859e-02,-6.365002341031459343e-01,1.000893476519228859e-01,1.070307559986143492e-01,-6.136558493729463715e-01,1.586226408357215012e-01,1.675607991837288202e-01,-5.548690250088318399e-01,2.303550081766180813e-01
-1.502781001732077959e+00,-1.221910719782282717e+00,-1.569951969997681163e+00,-1.396992451733909402e+00,-1.155251167343803953e+00,-1.443529929101847742e+00,-1.277397253671905153e+00,-9.123321417761230956e-01,-1.283939017977289598e+00,-1.247098309996359955e+00,-8.088975274795975334e-01,-1.242042087497882807e+00,-1.318405029746976265e+00,-9.684143116203424162e-01,-1.322345746996367533e+00,-1.378411999073080096e+00,-1.097098497123948135e+00,-1.386516161381162959e+00,-1.425642801942044846e+00,-1.196549262267242009e+00,-1.435125316329465717e+00,-1.443168972449835996e+00,-1.216550717438493967e+00,-1.454869320734406113e+00,-1.453047612324352755e+00,-1.204232107522637207e+00,-1.469647885545625865e+00,-1.438929304303217194e+00,-1.125149816330762720e+00,-1.458300375900131174e+00
6.028363564288282683e-01,-6.409103287501706665e-03,3.735933082454608312e-01,7.127149353898737383e-01,1.881777639931166979e-01,4.942557736149600922e-01,5.731743657731485087e-01,-4.730748627073069756e-02,3.254896072142599572e-01,5.427613718670623033e-01,-1.749370738251457003e-01,2.743665036176455296e-01,5.715671348887608749e-01,-1.925957239997203030e-01,2.926178255891783708e-01,5.617626575670091604e-01,-3.118792158491762168e-01,2.659899963282481017e-01,5.329725554268950338e-01,-5.178351297103827022e-01,2.167750967724824673e-01,5.027608307232398488e-01,-7.789448817767289368e-01,1.670844023560449643e-01,5.059301825565034605e-01,-9.739847273088031443e-01,1.548517506311226921e-01,5.249776378055208692e-01,-1.178404501513315106e+00,1.613873533668400972e-01
-1.432346028968968232e-01,-4.522503148129973782e-01,-4.061456200670632288e-01,-1.637913414195625306e-01,-4.901694902488258898e-01,-4.154775610634599547e-01,-3.870339260578648660e-02,-3.537716711622444499e-01,-3.005594129900499012e-01,1.273475608382330371e-01,-1.243948964143513081e-01,-1.509254074953229052e-01,3.939864955744453168e-01,3.645281933641112970e-01,1.099089383577755707e-01,6.594321298866132608e-01,9.330725119324329020e-01,3.667828734501507038e-01,5.922128802041628504e-01,8.353763205546580473e-01,2.781066666954400413e-01,5.802564422653730958e-01,8.582233731174236935e-01,2.478615431077486053e-01,6.158435175043908139e-01,1.007961245133397687e+00,2.703893132393741516e-01,5.666276649032009338e-01,9.338139922580469543e-01,2.055732717934400655e-01
-1.130232785652735439e+00,-5.953734179757363965e-01,-1.437684102631758387e+00,-1.626061302280524146e+00,-1.633856315323671593e+00,-1.933180015558652487e+00,-1.798685543998356229e+00,-2.060663629238550953e+00,-2.101303248450770766e+00,-1.922379894381258669e+00,-2.451558637129476192e+00,-2.249393208871621752e+00,-1.938486420719034875e+00,-2.622927956923488235e+00,-2.289922105605653346e+00,-1.934833657169680921e+00,-2.736912808254291729e+00,-2.310445809025649666e+00,-1.955144743203027335e+00,-2.947324210913840226e+00,-2.359175333127924823e+00,-1.943418550880986251e+00,-3.095026859619114834e+00,-2.382677736166316507e+00,-2.088940808552105732e+00,-3.829448202897074882e+00,-2.572797899319839487e+00,-2.014810457020668633e+00,-3.871917351292237797e+00,-2.533037534176574734e+00
-5.618612244214311879e-02,-1.870219552114063544e-01,9.521189363504484193e-02,2.076503381207848997e-01,2.191846181639039992e-01,3.908040873342792931e-01,2.660404355914147700e-01,3.300929800336366848e-01,4.553579787816094959e-01,1.547938139770002330e-01,1.486000254142182397e-01,3.387027060692893721e-01,1.975967645359496538e-01,2.390259313301492106e-01,3.955814116310836792e-01,2.142038154603676525e-01,2.792961956832182291e-01,4.236689876870688432e-01,2.677046604425184495e-01,4.167262173727147023e-01,4.957476618335168173e-01,2.108862550568242622e-01,2.826396800299971757e-01,4.440317774403472750e-01,1.982849101175184203e-01,2.445795406189215648e-01,4.421779366625867569e-01,2.070662512614060147e-01,2.793987818847726845e-01,4.649606421671726997e-01
-1.626266717556887897e-01,-5.505806717303407538e-01,-1.454541609876013053e-01,-1.658411145633016393e-01,-5.684627287383882122e-01,-1.490690209933824284e-01,9.779706782230630779e-02,-2.281579928611843222e-01,1.394631031059675175e-01,3.350659253626451783e-01,1.292276816018581298e-01,3.998114527055944833e-01,6.385091859908434975e-01,6.996302080722408556e-01,7.372258542950965721e-01,5.818219333859464548e-01,6.065097305823702323e-01,6.772694483385017783e-01,5.828297996863640584e-01,6.240725048901154537e-01,6.814038798152005638e-01,5.336206244383033814e-01,5.109327943131346528e-01,6.324003172431317266e-01,5.152811427380686871e-01,4.519270654597467574e-01,6.183933790795179686e-01,5.229464319121823745e-01,4.802135445491630406e-01,6.342889718619023620e-01
-4.133592881188997148e-01,1.535528737909838126e-01,-1.031479931100005576e-01,-1.320493772332221594e-01,6.517410599081140399e-01,2.223858671047669322e-01,-8.404065355117902592e-02,8.646040723508933157e-01,2.937744362621326211e-01,-4.001720712617078402e-01,3.538124518846231248e-01,-5.635683613736148373e-02,-5.405004734996178284e-01,1.119580108681840908e-01,-2.062270681567899833e-01,-5.927859716757514219e-01,6.031364446360624326e-02,-2.468678840814493014e-01,-6.321082989626792825e-01,4.837232656340977738e-02,-2.680281934823599554e-01,-6.499650768000977408e-01,1.001064742743751623e-01,-2.642599430218263157e-01,-6.176249009305886384e-01,3.248853309518050514e-01,-2.032863408675253114e-01,-6.163773818015843009e-01,4.775200189559712372e-01,-1.817518051065914741e-01
-8.385756553871063224e-01,1.109024111944661023e-01,-6.183469440857370936e-01,-1.088501992513901673e+00,-4.200635150828436193e-01,-9.284634196500367587e-01,-1.078982373689613583e+00,-3.272809872667249431e-01,-8.863756195280717565e-01,-9.532053757967708929e-01,9.150441255924622597e-02,-7.127338946697044930e-01,-1.017024487556287937e+00,4.225444525692977071e-02,-7.746148906178947913e-01,-1.020073316951392917e+00,1.902976606414744920e-01,-7.580632962706144173e-01,-9.868074495776589794e-01,5.199389188616198032e-01,-6.937468815415255285e-01,-9.392679457296345680e-01,9.813805456931249394e-01,-6.138507655579314992e-01,-9.787911031343908830e-01,1.139666360042192794e+00,-6.434111344533277599e-01,-1.055195151894502414e+00,1.167046844361724567e+00,-7.214472097492020675e-01
8.771014123529182749e-01,1.226220216570316435e+00,6.602351324669776256e-01,3.183529274360480943e-01,4.945090225645465409e-01,8.494408463054443914e-02,6.590964535184200279e-02,1.177718998094676173e-01,-1.935235075054601295e-01,-1.500052832465624819e-01,-2.773544405262763357e-01,-4.348734082161111458e-01,-3.124088775051836464e-01,-6.363756221832849169e-01,-6.168860155242632537e-01,-3.873892813184478534e-01,-8.755411401439202601e-01,-7.135151906460730498e-01,-4.054135729249206399e-01,-1.035197863866180734e+00,-7.547370389582112038e-01,-3.799915796097408927e-01,-1.112396266348514517e+00,-7.530479029372387778e-01,-3.735531859027252932e-01,-1.232337524582765464e+00,-7.696344802202282898e-01,-3.525516391654177628e-01,-1.355138032340279963e+00,-7.695709136772000969e-01
1.161942183398670059e+00,8.827677201601115131e-01,9.579299224580737349e-01,8.220533229697798427e-01,5.334280549437401264e-01,6.077390179147103000e-01,7.766067855846744417e-01,4.772751475703447821e-01,5.336335793668217642e-01,8.040416764204223465e-01,5.175231855873811959e-01,5.418597768539660242e-01,8.024684292876756997e-01,5.203535666423882988e-01,5.301871840666233515e-01,9.043792186814395562e-01,7.086366567424043916e-01,6.195632073243310112e-01,8.167781264955408238e-01,5.070951244104054956e-01,5.105992999983387515e-01,7.877956865895872074e-01,3.999388762917291951e-01,4.641889765800968903e-01,7.588370376489254054e-01,2.666993697041258882e-01,4.206997627776998261e-01,7.425467697493410846e-01,1.539506863867891595e-01,3.922033356390794423e-01
4.731835206823688522e-01,7.707160506650311271e-01,7.045650808022562162e-01,7.937867662221137488e-01,1.353276245068620431e+00,1.060841054524962690e+00,8.443652823802798579e-01,1.577903079846064704e+00,1.107071148783974390e+00,4.170948607191636848e-01,9.445347429266731654e-01,6.344679842204438147e-01,1.795048899494192662e-01,5.425198293144305461e-01,3.750797718441840622e-01,7.565161371510062405e-02,3.585578796327935636e-01,2.661889880027368815e-01,5.603876056333703670e-02,3.496628720753743313e-01,2.543914277740684793e-01,7.493168740490722957e-02,4.465638145191583863e-01,2.879521777251304870e-01,1.344714650203752138e-01,6.817988165549045965e-01,3.682980908515314789e-01,1.100556386514133372e-01,6.885436664498527648e-01,3.516087385481954097e-01
6.932917577971341450e-01,5.328785602148299327e-01,8.129382487480394381e-01,1.007659834353102468e+00,1.062711552401019777e+00,1.155852608263786996e+00,1.093368288225052609e+00,1.275019561366935950e+00,1.230797675520159729e+00,9.872641813275389033e-01,1.191945528392782006e+00,1.115176523782153817e+00,8.021236895585291959e-01,9.213622189957099140e-01,9.175806782614870372e-01,7.015525415570811330e-01,7.544938540502260649e-01,8.096481434875631988e-01,6.952482603996885668e-01,7.659636778864282736e-01,8.060980621515884126e-01,7.552640060017621337e-01,9.520965893120687529e-01,8.799190316825331593e-01,7.554174464506449027e-01,9.895806367413686466e-01,8.888343859303672323e-01,7.617355521875255331e-01,1.084807180211160071e+00,9.056984689122274945e-01
2.897602118762895307e-01,2.436732904231733721e-01,4.638896610856692304e-02,1.093235214323722351e-02,-1.256794287246840447e-01,-2.341303504412882985e-01,-1.221020552017293981e-01,-3.657986778252625970e-01,-3.858896121835388437e-01,-7.329792362063043687e-02,-3.356876412000682763e-01,-3.563420288887207965e-01,-1.511579133759566596e-01,-5.333580746158931296e-01,-4.509783786624827484e-01,-1.958350870070903749e-01,-7.061441351049453363e-01,-5.158352205298200044e-01,-1.836339107098751700e-01,-7.898702139842662673e-01,-5.251283237498908241e-01,-1.194937289478077563e-01,-7.517823522837041583e-01,-4.815193462912182309e-01,-1.175954350419340516e-01,-8.657617902616975281e-01,-5.005794590149561518e-01,-8.895117020534572261e-02,-9.304169298498138341e-01,-4.899209439096486873e-01
1.114341791899256112e-01,-5.165213623690242395e-01,-1.399843913838020315e-01,5.630313126761743447e-01,9.734926300251986464e-02,3.388978659297348095e-01,6.435482680965104452e-01,1.825071482418206548e-01,3.974933890059332287e-01,9.351158063915204766e-01,6.194320706784186559e-01,6.760507106960992330e-01,1.216620094594800250e+00,1.137442685026765155e+00,9.562988942478412024e-01,1.128089476134873870e+00,9.995767305475269371e-01,8.504275701072885330e-01,1.038248772606126691e+00,8.207322352290784551e-01,7.398880905119644691e-01,1.004680657492389440e+00,7.336379931034539004e-01,6.902578787142614747e-01,9.910806133807191776e-01,6.715224916995243820e-01,6.648271626441346616e-01,9.929870358733152713e-01,6.666585572310118613e-01,6.578918343221199505e-01
-3.263811465798645561e-01,-2.316523010206751609e-01,2.236114201336360328e-03,-3.737414220349513649e-01,-3.163533127209428031e-01,-6.842949889510024919e-02,-2.448498320135781003e-01,-1.023764286142108543e-01,1.030306398239135418e-01,-3.606805892981591044e-01,-3.206848481691242370e-01,-9.485693738245589562e-03,-3.319936603937650998e-01,-2.731756162214489247e-01,4.247547352759656336e-02,-2.826707460613170908e-01,-1.681194783270375526e-01,1.241458665875293660e-01,-1.751999697361775465e-01,1.136101654848260395e-01,2.803644771636230049e-01,-4.658849896928978634e-02,5.283558640064737189e-01,4.648545483877607465e-01,-4.802864879547239646e-02,6.007163237662009880e-01,4.908357319302836252e-01,-4.744732961310139246e-02,7.096187950096883856e-01,5.179667470026099174e-01
-1.070841566858526051e+00,-1.064578254764423582e+00,-1.072749920877733354e+00,-7.349453256303454252e-01,-5.840891751416055211e-01,-6.867162808720661538e-01,-6.782957786711732995e-01,-4.918469022444919569e-01,-6.088127051554522717e-01,-4.768170525174277308e-01,-7.300604263283133610e-02,-3.734887469661445358e-01,-5.160028549586592739e-01,-1.277231635649445640e-01,-4.130668177701648514e-01,-4.817370781536270963e-01,-2.563796086596863925e-03,-3.673453038659628689e-01,-4.363511664866311923e-01,1.910713778869263801e-01,-3.070659375805867564e-01,-4.345066354034431977e-01,2.954223544664230094e-01,-2.968970912387041139e-01,-4.019814031082020733e-01,5.106833501009671039e-01,-2.527787860026099453e-01,-4.332612359382956857e-01,5.317620071799066261e-01,-2.832290420423508870e-01
1.773132866843659006e+00,1.492149344852335968e+00,1.596701828195700834e+00,1.343239100392865870e+00,1.088439068610907556e+00,1.148682178080067784e+00,1.521345960640860362e+00,1.409190094093081491e+00,1.295621124210621034e+00,1.593921287313942559e+00,1.614832415772924357e+00,1.350521887615515615e+00,1.584014011105559838e+00,1.695868419336015398e+00,1.334302565821830600e+00,1.388847859133157225e+00,1.400264968133012378e+00,1.119524832863530772e+00,1.241623880597688467e+00,1.138209771217693733e+00,9.504425515698819993e-01,1.155741405674430844e+00,9.568967881860592772e-01,8.477152504949132528e-01,1.106490745156414990e+00,8.158548554939304420e-01,7.861427912890418535e-01,1.082638907290759178e+00,7.446811121275394019e-01,7.530022232770444690e-01
6.911749266388246271e-01,5.134621216719140180e-02,8.105679820908812117e-01,6.227904333748029986e-01,1.613471669805116929e-02,7.278815817046851988e-01,9.781953324031520403e-01,4.786907762445971048e-01,1.104546307541960148e+00,1.458080094306575036e+00,1.225488543980691292e+00,1.631591978702280343e+00,1.417710023593153457e+00,1.211729265336385808e+00,1.596151113583563319e+00,1.509234802887552851e+00,1.419126050064104971e+00,1.702652242298686280e+00,1.684835960126892074e+00,1.846532498524046995e+00,1.903745443948579696e+00,1.586756759121337623e+00,1.717531526022541666e+00,1.808482816741503685e+00,1.517330355002147968e+00,1.596688914800021841e+00,1.746899122230952672e+00,1.442940637602753373e+00,1.472974490511445245e+00,1.679961255288267008e+00
4.520009451075739787e-02,-1.226731076241022400e+00,8.725445755882489662e-02,3.796896681776588678e-01,-8.651113865936415070e-01,4.575558977862821952e-01,6.127972311153225826e-01,-7.324644214715554380e-01,7.040007991366536988e-01,9.240698377017123599e-01,-4.869007876810677038e-01,1.045861670965436918e+00,1.168962209910434202e+00,-2.347495545998287969e-01,1.321952511561636401e+00,1.411455715329110738e+00,2.794830035686977909e-02,1.594543979745211448e+00,1.738164347766942175e+00,4.850263061601150505e-01,1.962897113967005502e+00,2.032626645872507520e+00,9.897014841880811264e-01,2.306404931074037101e+00,2.071098679433119649e+00,1.001208875109484975e+00,2.370551859888120116e+00,2.109886327845649667e+00,1.058130894360223229e+00,2.438016706642086362e+00
1.127951150414786829e-03,1.399170430432219892e+00,3.990513747936474953e-01,-7.158749039213326837e-01,1.065989971369192824e-01,-4.801007801622141358e-01,-1.035042325760083592e+00,-4.604437602102631755e-01,-8.342561345714610832e-01,-1.143315980643310414e+00,-6.388218266238402387e-01,-9.383699252336906715e-01,-1.190213577528142608e+00,-7.233187031601729933e-01,-9.811911948950091666e-01,-1.191182809073569882e+00,-6.680065395368649517e-01,-9.627742204812260729e-01,-1.210394936952746470e+00,-6.379296993729555165e-01,-9.621021105482340241e-01,-1.195964871447457334e+00,-4.834689662568951718e-01,-9.240408778655999633e-01,-1.193434453011083196e+00,-3.511194841961127189e-01,-9.049800727498756858e-01,-1.188922010604618995e+00,-2.014159096203187171e-01,-8.859158708698755547e-01
1.180457162998933329e+00,6.602355271553813632e-01,9.772804281583417074e-01,1.158162265325177742e+00,7.367174451591081974e-01,9.565893536558767174e-01,1.070272542332325161e+00,6.285230846739909838e-01,8.341007180425301648e-01,9.571952221461771382e-01,4.399507334351279719e-01,6.986551515530357026e-01,9.970017706197328300e-01,4.955647100931898641e-01,7.303383405295538200e-01,1.093828039045316336e+00,6.453841912038253970e-01,8.150704750337416371e-01,1.260780633393511208e+00,9.671328008147823674e-01,9.702755576854158459e-01,1.328977449053339033e+00,1.130102111963728451e+00,1.028286923920303186e+00,1.279265472621245348e+00,9.986460934359865371e-01,9.677583423143648611e-01,1.244332627702567029e+00,9.104432169051732693e-01,9.245407801056898522e-01
-1.411588448527041351e+00,-1.201098589736850464e+00,-1.464980947078004192e+00,-1.078095636051560779e+00,-7.025980289500568521e-01,-1.078985695059413441e+00,-1.070678547084107812e+00,-6.702664344856134049e-01,-1.050988100656065960e+00,-1.031871393271906356e+00,-5.434762763194257440e-01,-9.993566324405995793e-01,-1.050823438876402394e+00,-5.570527403856037063e-01,-1.019123360427405256e+00,-1.054727116104231532e+00,-5.084288280338898902e-01,-1.018612262160027981e+00,-1.021512459692267560e+00,-3.175963699100523563e-01,-9.743076903904857033e-01,-9.645552941431071448e-01,1.792712527598237793e-03,-9.054075952585888265e-01,-9.264164283944076317e-01,3.031273664020594505e-01,-8.599420373688287933e-01,-8.650951423670754092e-01,7.758496068921111322e-01,-7.878047170533956089e-01
-7.708699806358051965e-02,8.562285987949795618e-02,-4.967333519020674520e-02,-1.596459201687631113e-01,-2.558051491687361040e-02,-1.421800251469366450e-01,-2.036092248412638417e-01,-9.072763892720861478e-02,-1.909352659769379401e-01,-2.043999687739782023e-01,-8.758516570069499463e-02,-1.919028828862474056e-01,-2.140258991141601730e-01,-1.039333927881547354e-01,-2.025368919560384673e-01,-3.317839007559220676e-01,-3.765816280330460675e-01,-3.328477643913062556e-01,-3.789094230210888758e-01,-5.285311319868160052e-01,-3.853540639904030063e-01,-3.820266397840971218e-01,-5.913652113755895057e-01,-3.901424364433475067e-01,-3.855827580157465406e-01,-6.564794244471974238e-01,-3.961576762538455143e-01,-4.087111244373065055e-01,-8.264575325512836246e-01,-4.246399630090870181e-01
-1.424899088773769140e+00,-1.405430947375384099e+00,-1.480302719232724940e+00,-1.204940867025400930e+00,-1.144042528868437492e+00,-1.223987762478469854e+00,-1.155979843670667639e+00,-1.092416238879539980e+00,-1.147113969555546564e+00,-1.083401039106704156e+00,-9.683758078205068065e-01,-1.057460403747089162e+00,-1.149408131240662101e+00,-1.151246662728093506e+00,-1.130839138783460651e+00,-1.166379519216780070e+00,-1.221802120652645041e+00,-1.145517646451545524e+00,-1.162874558437766881e+00,-1.241135035897180883e+00,-1.135498622947068270e+00,-1.134286511666179553e+00,-1.182275525551067963e+00,-1.100263722181836989e+00,-1.188719500443274901e+00,-1.396306214087504216e+00,-1.163622719225694047e+00,-1.216368187977672877e+00,-1.596969985356213151e+00,-1.198249176053706844e+00
-4.873242860042146796e-01,-4.640607445347751936e-01,-5.090258732098044137e-01,-6.599096027981002921e-01,-7.700119749423595117e-01,-6.984683693512232505e-01,-5.635021909798385575e-01,-6.566367976018979702e-01,-5.854461038422894559e-01,-4.280747318863920570e-01,-4.438236487864460900e-01,-4.372410317520691869e-01,-3.888659700318125578e-01,-3.845946054810756576e-01,-3.952658342259975921e-01,-3.443646742977367614e-01,-3.008326211943013750e-01,-3.467575441115487989e-01,-2.419033702882412429e-01,-4.634145389501347079e-02,-2.333874064480692401e-01,-1.889769055039490497e-01,1.261155406022141101e-01,-1.745554799782864097e-01,-1.847884097188839392e-01,1.734860534743589700e-01,-1.700234979400150614e-01,-1.664227494437221233e-01,2.877705679690371610e-01,-1.492531869184380022e-01
-1.216930015774679852e+00,-7.871176131727712910e-01,-1.076767138070937380e+00,-1.200307814860132716e+00,-8.531101646325196519e-01,-1.062993503886811464e+00,-1.262419947575452728e+00,-9.733471834631414188e-01,-1.103960085706926053e+00,-1.220364181198191789e+00,-8.607950184259555160e-01,-1.029815902954581031e+00,-1.143548519702755284e+00,-6.532650857581722148e-01,-9.255300953071950998e-01,-1.108524992483426175e+00,-4.947572588939327387e-01,-8.638845690800196486e-01,-1.149369348272344826e+00,-5.167644327532220361e-01,-8.888576905770692038e-01,-1.173474131880932747e+00,-4.880013624039013509e-01,-8.968632830716075643e-01,-1.148090378079994034e+00,-2.727511410162367089e-01,-8.497228213857966894e-01,-1.164370488769996603e+00,-2.101577075795595662e-01,-8.557203217964584052e-01
1.727600339511070837e+00,1.549167008535257128e+00,1.549114552988314575e+00,1.418461275032557589e+00,1.302624071100336289e+00,1.226755914215566401e+00,1.125191920316791050e+00,9.484253087839734642e-01,8.902920443435461406e-01,8.476490969223352545e-01,5.304088129669185525e-01,5.865041355911839727e-01,7.415354947442791556e-01,3.423593793742753522e-01,4.674946027742282739e-01,7.272885517572845737e-01,2.774328943424142491e-01,4.368092985869815870e-01,7.631366491907559668e-01,2.970673726861571828e-01,4.550642226931659318e-01,7.869309630829520730e-01,2.907524701240621900e-01,4.632876366072062324e-01,8.152125184049396900e-01,3.003573855888189703e-01,4.799599575530333895e-01,8.522316710152112451e-01,3.577359729950781442e-01,5.085664796196919246e-01
1.788077543037347450e-01,-5.160105005709750975e-02,-6.957044670580134205e-02,4.968098058401151373e-01,4.385548092388805164e-01,2.701659996153351617e-01,2.974388621547008338e-01,1.435019233866711708e-01,4.336799139804217718e-02,3.132581944064264379e-01,1.565826304445793737e-01,3.940598387228950311e-02,1.813535152475436174e-01,-1.059647115112240245e-01,-1.088645460391426539e-01,1.215772177560568157e-01,-2.803674977075650832e-01,-1.882722812494557751e-01,1.304176365009515060e-01,-3.411444673969833419e-01,-1.999904299319097412e-01,1.785839693356738034e-01,-3.123558372120038840e-01,-1.708196342681871649e-01,2.088060658900376398e-01,-3.127072573201265526e-01,-1.574761052022895236e-01,2.193803081612172301e-01,-3.798514491947513894e-01,-1.628164856218505263e-01
2.180126864400991682e+00,5.194088250446733390e-01,2.022062257412506447e+00,2.700714449171439213e+00,1.209108904097351278e+00,2.557617411588470002e+00,3.294965629187483369e+00,1.918956487402150746e+00,3.110318325577197118e+00,3.226954336878564256e+00,1.884544363236636100e+00,3.022386732070041937e+00,3.144618207984497094e+00,1.824743521806013735e+00,2.939974542910054112e+00,3.243596940476478618e+00,1.986934310328940079e+00,3.033587556946408803e+00,3.103757380651650521e+00,1.746564801210464646e+00,2.878311303029984280e+00,3.030073423897113649e+00,1.572698489821401591e+00,2.801415314776472876e+00,2.994771459143389158e+00,1.426482333213210385e+00,2.771046181925520990e+00,2.975296065470948381e+00,1.336088592529620644e+00,2.760895149846921637e+00
2.616483386973114666e-01,3.032718638511294751e-01,4.610686147416353520e-01,4.297062231875691252e-01,6.070092998026956899e-01,6.446454195629427453e-01,5.990345523998170663e-01,9.443208334863282261e-01,8.306084157329549633e-01,6.149157997312653112e-01,1.068625770836977518e+00,8.575268159625428765e-01,5.026153336291253604e-01,9.340307180191118608e-01,7.412272319110677632e-01,5.165627981877598529e-01,1.040407596642369814e+00,7.673336274739332996e-01,4.203668153911789274e-01,9.026682351416988048e-01,6.698237072562335248e-01,3.776951722599183325e-01,8.752719108505913059e-01,6.355330228611385524e-01,3.344906638464209547e-01,8.137921087389868857e-01,5.998697846540412826e-01,2.705357669718987945e-01,6.804535162173223073e-01,5.391215018298392003e-01
-7.322509061411225373e-01,-1.092357526940327839e+00,-7.832760886235033970e-01,-9.861225576309244900e-01,-1.546728354198090294e+00,-1.061213998912336809e+00,-9.622375134354596016e-01,-1.661143895216630417e+00,-1.022535519165588491e+00,-1.077629374141327201e+00,-2.068450627524756502e+00,-1.149706449399280572e+00,-1.053320954519012087e+00,-2.215533699997512596e+00,-1.127704946576472800e+00,-9.858903105560371527e-01,-2.295793108389696968e+00,-1.056052585118612219e+00,-9.369063884326666036e-01,-2.460438579835052320e+00,-1.004282440225806594e+00,-8.527329078974797971e-01,-2.564448415745444354e+00,-9.158004080017464466e-01,-7.542435892563263966e-01,-2.567508709005552170e+00,-8.113427392608469901e-01,-6.392579837425358402e-01,-2.560500049805157996e+00,-6.866812446990296914e-01
-1.263506520698459257e+00,-9.292301718696568402e-01,-1.133199976324577696e+00,-1.078095636051560779e+00,-6.858822286472442409e-01,-9.159419965067815417e-01,-1.054762783928975933e+00,-6.174267691492150156e-01,-8.576475547292056190e-01,-1.177855906637697014e+00,-8.545248825946081261e-01,-9.793642285427484051e-01,-1.168177008684539331e+00,-8.234510597830487777e-01,-9.549064390169130778e-01,-1.174697553239883785e+00,-8.056420932907113475e-01,-9.430516912649445915e-01,-1.170701643380736234e+00,-7.356102724915057900e-01,-9.144612384600847577e-01,-1.124617676603724581e+00,-5.033837472358466680e-01,-8.378256093362745904e-01,-1.029940095870667705e+00,-3.690675743274023091e-02,-7.057423817649819409e-01,-1.013945822279439746e+00,1.906527618476787922e-01,-6.707152769172125550e-01
1.127951150414786829e-03,1.561227572442899003e+00,3.990513747936474953e-01,-3.053268526045008757e-01,1.051412470534354604e+00,1.389016563900334969e-02,-6.641302401586851589e-01,4.859246694289262591e-01,-3.942987886730048852e-01,-8.917843929462024866e-01,1.354231381319888072e-01,-6.398353481897327555e-01,-9.874411280219433928e-01,2.774081737125492445e-03,-7.393284815161466073e-01,-1.069267979076208963e+00,-8.791549165724116266e-02,-8.169185042716362588e-01,-1.153581357371679106e+00,-1.798540283626236524e-01,-8.939130480109759302e-01,-1.223165817039060910e+00,-2.457856181448619393e-01,-9.569102406144517348e-01,-1.275697826606491780e+00,-2.854373169451208669e-01,-1.005227964447450884e+00,-1.305379388220459402e+00,-2.598235357364833131e-01,-1.029145055783444063e+00
-3.531392547746337041e-01,-5.325163993199550916e-01,-6.255226461489787892e-01,-3.267523752566099948e-01,-5.153526379315674921e-01,-5.846162069096341174e-01,-4.870545787842678331e-01,-8.356407480459653314e-01,-7.592945393625429862e-01,-6.169628125786076334e-01,-1.176810271627040994e+00,-9.129346926167717369e-01,-5.955134483108318610e-01,-1.245303011284352168e+00,-9.081661984414443056e-01,-5.839398341684841620e-01,-1.352100400379831591e+00,-9.163512995259138760e-01,-5.239168881866280714e-01,-1.375559545667270234e+00,-8.774236446343610663e-01,-4.139951929734080327e-01,-1.262975766796071042e+00,-7.884913894532477041e-01,-3.323945860525035489e-01,-1.168896757023628163e+00,-7.263698089288183057e-01,-2.261162053386680248e-01,-9.820074506106997170e-01,-6.354373691251476997e-01
1.127951150414786829e-03,4.249968996802400700e-01,3.990513747936474953e-01,-5.258311267379425225e-01,-4.057978385554313339e-01,-2.514310667551262202e-01,-5.058521773423729773e-01,-3.796325550208138333e-01,-2.065572748916272849e-01,-4.217510815271486302e-01,-2.166742393837005343e-01,-8.196825441528497735e-02,-2.276825294810965461e-01,2.176424936854277070e-01,1.668955967721225675e-01,-1.993881434690242260e-01,3.396520768619225028e-01,2.237829956321296665e-01,-1.622982209679213195e-01,5.209680433350414308e-01,2.958494749420753633e-01,-1.057674061110953911e-01,8.047796071847639343e-01,3.933433224498994463e-01,-1.356096131018268425e-01,8.353321885050284390e-01,3.841077114173644391e-01,-1.811732661819962509e-01,8.246527826902508851e-01,3.534992200096171433e-01
1.788077543037347450e-01,-2.807983572431222430e-01,-6.957044670580134205e-02,-2.411787345454730891e-01,-8.504357463958940322e-01,-4.957985959187649061e-01,-2.596128482749099353e-01,-9.953429374419817677e-01,-5.265851940903866213e-01,-8.264175545696958447e-02,-8.559338193598010625e-01,-3.659080471415874780e-01,1.706887523684299524e-01,-5.008318241776765767e-01,-1.198372903977244636e-01,2.288214925364403241e-01,-4.895688476399820410e-01,-7.759840584860391854e-02,2.701830562940020775e-01,-5.296409054787986070e-01,-5.529114529634635705e-02,3.425090125017554721e-01,-4.997324330305805140e-01,4.676733904563985838e-05,3.898282380457463447e-01,-5.058870242631665626e-01,3.280890943072104632e-02,4.375042436588766903e-01,-5.127655618659781034e-01,6.858807981061883219e-02
-1.472644404353899761e+00,-2.451094865997220040e+00,-1.795547741834523592e+00,-1.270556026520170301e+00,-2.337411805289880018e+00,-1.564198060072266472e+00,-1.176506403411841095e+00,-2.461554342931557393e+00,-1.464714263115367343e+00,-1.003859254586794592e+00,-2.502863203258094860e+00,-1.309031121902435757e+00,-8.024861749767470132e-01,-2.405891864899563082e+00,-1.121115970006603346e+00,-6.422671874339711540e-01,-2.382925363699593291e+00,-9.765439227776929743e-01,-4.253886935349870391e-01,-2.259514464917958154e+00,-7.754173021239161301e-01,-1.676523269843004649e-01,-1.995711390256563522e+00,-5.317172062033721502e-01,1.290949066063014627e-01,-1.479974646581393660e+00,-2.412660571738808046e-01,3.763642194051328160e-01,-1.000786942599612761e+00,3.725501979859418850e-03
4.456565711183137490e-01,7.810833713658402178e-02,2.093204655373376299e-01,7.431013143557069212e-01,5.402781138836830754e-01,5.257940553098884306e-01,7.573024927907625603e-01,5.813276180014939065e-01,5.138821936956340375e-01,8.025229986042071717e-01,6.728288734956290318e-01,5.403049864890931975e-01,8.065616111603005622e-01,7.066213890329630098e-01,5.343985705559963773e-01,8.010321776114820436e-01,7.063988101592117985e-01,5.129111965774111326e-01,7.429840153579317930e-01,5.800785387440903218e-01,4.342001799031107723e-01,7.179941057300247564e-01,5.043028272083804886e-01,3.914316680101940227e-01,7.256651606196217186e-01,4.980957983947606471e-01,3.858304921753337724e-01,7.159934420532712007e-01,4.527348205367223155e-01,3.640332898241815385e-01
-1.577417451204795318e-01,-4.441173692515696381e-01,-1.399843913838020315e-01,-2.429917928784744441e-01,-5.778859047211831745e-01,-2.348598240926842162e-01,-2.183552430675460287e-01,-6.092332784328765571e-01,-2.070996941624785037e-01,-6.184540419015768786e-02,-4.209596542791580465e-01,-3.554159965202473292e-02,2.559819932304396861e-02,-3.055618378266048984e-01,6.160449618115884651e-02,1.122446952189886243e-01,-1.800943102810671770e-01,1.580870687468756697e-01,2.432486235298286503e-01,7.165287307097688296e-02,3.047415698263880590e-01,3.284632282424206906e-01,2.635854564081074880e-01,4.032922130176039843e-01,2.949048574294892422e-01,1.448394249203525386e-01,3.702060639443703338e-01,2.832046312676488875e-01,7.695999778963133475e-02,3.617966511906611782e-01
-6.538902443101438644e-01,-5.873027070225138591e-01,-3.945791463909759655e-01,-6.539117904196606323e-01,-6.319471886256226023e-01,-4.055438143081547264e-01,-5.598925595593072790e-01,-4.950799922317689061e-01,-2.706572706977788401e-01,-5.427681639870232111e-01,-4.814480197802865069e-01,-2.255994534150589925e-01,-6.082399025617377664e-01,-6.429518669094360650e-01,-2.870252345526559945e-01,-6.132817789715262480e-01,-6.861617886560035240e-01,-2.713885322461035421e-01,-5.794147600239658580e-01,-6.343025168879995457e-01,-2.047841055636551166e-01,-5.226367075424274145e-01,-5.000715224608996978e-01,-1.103975582287744645e-01,-4.551306381775541143e-01,-2.884051659768644416e-01,-5.267386113004140537e-03,-4.094766643820986207e-01,-1.137947105092380340e-01,7.271228914581706615e-02
-5.065111133110362651e-01,1.015633959748630133e+00,-4.231536228070502115e-01,-5.199225910272532447e-01,1.017984009595089834e+00,-4.409148359129138606e-01,-8.319863455787029904e-01,5.386575860840812080e-01,-7.820063127185983287e-01,-1.073774034742606354e+00,1.651410946411330516e-01,-1.046605191162640169e+00,-1.210369713773355560e+00,-6.401922859873142302e-02,-1.199920559835049749e+00,-1.320260958425343301e+00,-2.186421493495718793e-01,-1.320421030827511499e+00,-1.396907803311140173e+00,-2.607416545862624169e-01,-1.402359665087498986e+00,-1.461266377471861277e+00,-2.706622571064699057e-01,-1.475645641681222031e+00,-1.481574430384923424e+00,-1.299125670583577141e-01,-1.502674733047536959e+00,-1.484307385629315856e+00,1.020391566920714893e-01,-1.511322326411555839e+00
2.195511688210814327e+00,2.414780098182606860e+00,2.038141352677909079e+00,1.860025349159625030e+00,2.182142982989237812e+00,1.685059029958275501e+00,1.131732916995234595e+00,1.235252961592208099e+00,8.969845323538118143e-01,8.838691033298948785e-01,9.000232170906549145e-01,6.235854153576037007e-01,8.422364435291040952e-01,8.723814614108599264e-01,5.711036356432661609e-01,6.876344308126026705e-01,5.857035670029936414e-01,3.958870652132259194e-01,6.318064237745646405e-01,4.557566962140262024e-01,3.190979035786918327e-01,6.416461027927853333e-01,4.610566454595791952e-01,3.118507310171358959e-01,6.871324177620903306e-01,5.661399334947291306e-01,3.453260420785339013e-01,6.551167704837167483e-01,4.638461609381052675e-01,2.994500990918693151e-01
-7.509934876644583923e-01,-1.033702379009761252e+00,-7.045753400388122811e-01,-5.731012474219896458e-01,-8.268189432771214653e-01,-5.017055732595522288e-01,-4.289782136834026094e-01,-6.594860720331203741e-01,-3.278572153167644276e-01,-1.684099467074218481e-01,-2.418130151842015352e-01,-2.573522266033997224e-02,-6.035015947439702211e-02,-4.069147584233123033e-02,1.032769909417997761e-01,1.028059992155674063e-01,3.184609792327066091e-01,2.970529697090970589e-01,2.633849108964206320e-01,7.521572366626390060e-01,4.908219818674900425e-01,1.770608719904904482e-01,5.938340787444181812e-01,4.051993031778851062e-01,1.213990054275125435e-01,4.733854525164349347e-01,3.531634856343769391e-01,7.695028060095440714e-02,3.708384456559485898e-01,3.129268329911862323e-01
-1.363461821982752342e+00,-7.558815308672236499e-01,-1.490058101719023309e+00,-1.430831819243298053e+00,-1.004870974989733101e+00,-1.555726367858286885e+00,-1.387651283733080776e+00,-8.832276482157926933e-01,-1.488869564980061400e+00,-1.367753184350748441e+00,-7.681150688967418594e-01,-1.467929379640658505e+00,-1.400865562782075191e+00,-8.065651936068775063e-01,-1.510808799089291998e+00,-1.427062652553006794e+00,-7.948789486312540786e-01,-1.543829435679157758e+00,-1.446623360788219737e+00,-7.323847569817534264e-01,-1.569658808907222314e+00,-1.489601981958142973e+00,-7.436375438737981014e-01,-1.627019544642529070e+00,-1.532266892057202456e+00,-7.714097926346085154e-01,-1.687550968128800566e+00,-1.570067278655288501e+00,-8.258311459241189922e-01,-1.744646039287385042e+00
-1.626307243878485576e+00,-1.336333082633448077e+00,-1.712142045171670679e+00,-1.450001969133444035e+00,-1.140523190774540563e+00,-1.504127316617379417e+00,-1.472774069120092788e+00,-1.188276801639850166e+00,-1.504108779743016155e+00,-1.547239362734908141e+00,-1.350855126056211608e+00,-1.580474979971458582e+00,-1.672356827750843156e+00,-1.695045508655139477e+00,-1.723442506201377622e+00,-1.777517589761505867e+00,-2.011805498350885291e+00,-1.840144090089086415e+00,-1.857449800528173656e+00,-2.303331020646003591e+00,-1.927501797750186929e+00,-1.899534890038451218e+00,-2.529972019777297021e+00,-1.978790002261384018e+00,-1.910297964472195797e+00,-2.642087110322585364e+00,-1.999028260830287840e+00,-1.909088593263939648e+00,-2.805385413212051926e+00,-2.007657286180620115e+00
-1.525728073432250698e+00,-2.476906408225128420e+00,-1.851026919412294580e+00,-1.219373529398995792e+00,-2.218900019168618343e+00,-1.511075310110102654e+00,-1.135664963579457565e+00,-2.340808619850986538e+00,-1.422926923993028447e+00,-9.756267238146623111e-01,-2.379917574289564630e+00,-1.280127251475261962e+00,-7.386828190010892303e-01,-2.196042093233625980e+00,-1.055470074052214935e+00,-6.061357206276062337e-01,-2.198040467399686282e+00,-9.392569956800342901e-01,-4.296709976616328586e-01,-2.129645711174256828e+00,-7.798507760449697734e-01,-2.120934596376228554e-01,-1.933428294247197865e+00,-5.780401857381665121e-01,-1.007422860676433253e-02,-1.659202947983831500e+00,-3.875564293151655404e-01,2.175205120479073440e-01,-1.249794322335679775e+00,-1.647895167356140667e-01
-1.079089730238578015e+00,-1.250910057578410006e+00,-1.171639844957507837e+00,-1.297867027727490852e+00,-1.709811981946542048e+00,-1.407870814320930863e+00,-1.277878228034453389e+00,-1.813208397403258676e+00,-1.368537510026726300e+00,-1.162802615890253133e+00,-1.751907056573718036e+00,-1.243128904274445334e+00,-1.123880470228460604e+00,-1.803145537385665298e+00,-1.205483803324748582e+00,-1.065126744555829230e+00,-1.808016644150850505e+00,-1.143659387601105637e+00,-1.017826671020267026e+00,-1.853167786982642840e+00,-1.094038948255400046e+00,-9.324360486116557434e-01,-1.792409786948505168e+00,-1.004808339514048798e+00,-8.684323236933934043e-01,-1.739081541429083444e+00,-9.399418549911666698e-01,-8.348665394666274775e-01,-1.826431257740576353e+00,-9.090113896679418160e-01
-6.012974668225447017e-01,-7.882323023267447937e-01,-5.322614406850966207e-01,-8.409890930183354651e-01,-1.210298397118056091e+00,-8.079393287557917747e-01,-7.637010370226626765e-01,-1.190119566676644869e+00,-7.050557283701209821e-01,-7.019181895409638550e-01,-1.201455538466495776e+00,-6.273081702235410173e-01,-5.691920505783540918e-01,-1.033304313636462135e+00,-4.733406011160765647e-01,-4.020484161085434716e-01,-7.549030520412004508e-01,-2.767702692174549006e-01,-1.794670763494892740e-01,-2.804198078255193960e-01,-1.414876660180054355e-02,-4.479039206389719835e-02,6.461881935273550148e-02,1.505079229031364707e-01,-7.488278716813590030e-02,-2.906259091652358892e-02,1.259187639239519874e-01,-1.080764876300386451e-01,-1.597295661491402730e-01,9.673258542192438025e-02
-1.478198117101810483e-01,2.834691749964567964e-01,-1.288745643932787954e-01,-3.102572543146358552e-01,3.587589941150035044e-02,-3.096583622711689965e-01,-4.057050388630218385e-01,-1.009283185707948727e-01,-4.124705456859191766e-01,-3.170357762373068877e-01,1.129938217568593334e-01,-3.154477125064403253e-01,-3.870895269571876240e-01,5.496234311440675565e-04,-3.933076332656660901e-01,-4.575460587626776210e-01,-1.304311142902331855e-01,-4.718951694814762510e-01,-5.096203628251997353e-01,-2.339148609181861682e-01,-5.303382032311773076e-01,-6.038628927458268292e-01,-4.953810045887637181e-01,-6.378765386837069729e-01,-6.503880744698209426e-01,-6.544812566214818217e-01,-6.943808740549348713e-01,-6.769046703353274186e-01,-7.979138429029508650e-01,-7.294707497735425372e-01
2.958862131486301172e-01,-3.345714961036028723e-01,5.004795597962136133e-01,5.793363118136362067e-01,6.499808744520060855e-02,8.156938068953033527e-01,9.026391302703740127e-01,5.004627736620287370e-01,1.172739837147547481e+00,1.265975219649937422e+00,1.081379479920534292e+00,1.591648058774275842e+00,1.198953763131526573e+00,1.011493914260540139e+00,1.530315149979131872e+00,1.106262485108453708e+00,8.504918228803788338e-01,1.437592961792258039e+00,1.100472719159255597e+00,8.341357206459428797e-01,1.445327932494008927e+00,1.138772316831876408e+00,9.201563814106549222e-01,1.509270611298207276e+00,1.111461867137538917e+00,8.352557471352114460e-01,1.499406122355180893e+00,1.103949862141619942e+00,8.183258692371138121e-01,1.512922941164790203e+00
-7.947272638197127037e-01,6.085875411093717435e-01,-5.652195316048210794e-01,-1.185887518780998295e+00,-2.380842065751484493e-01,-1.045642317646816144e+00,-1.347681009112756456e+00,-4.920731039466790246e-01,-1.205092488231951142e+00,-1.535153295032390952e+00,-8.361679705658854322e-01,-1.403428759363292810e+00,-1.613720444543829791e+00,-9.890112440661463777e-01,-1.486341279339114863e+00,-1.670704162318553010e+00,-1.058299181565008906e+00,-1.536461034602628839e+00,-1.724684794067903315e+00,-1.101194127879781659e+00,-1.579365509328849893e+00,-1.790976147902890947e+00,-1.205625168946192094e+00,-1.643046819023333383e+00,-1.827356114161779566e+00,-1.214726495188767297e+00,-1.677490453181544661e+00,-1.863176266708884699e+00,-1.280304202960835136e+00,-1.715171084265498802e+00
1.034316441162256073e+00,1.151167834179168264e-01,1.650879072852497798e+00,1.240325361806649429e+00,4.418053196139942185e-01,1.873692439277038213e+00,1.861593972990950530e+00,1.258570419894099679e+00,2.601588820346424136e+00,1.893197716105157635e+00,1.342593031792517655e+00,2.665568412875137128e+00,1.801429652763379519e+00,1.239722035422214264e+00,2.587177934648341893e+00,1.801926316037412379e+00,1.247307271625573311e+00,2.618103308084992698e+00,1.787416772775820561e+00,1.212920067597102802e+00,2.635945603694450412e+00,1.730668950128661177e+00,1.071105890261420113e+00,2.612475468247713817e+00,1.717773735670857338e+00,9.945805244084058305e-01,2.642679966618703968e+00,1.726166333016867505e+00,9.968946430250933410e-01,2.699307632833323645e+00
9.585451399212879808e-01,4.784433041791282815e-01,7.453541738371588510e-01,1.454805176191652727e+00,1.231795605999475907e+00,1.264477558967547433e+00,1.125541175823467244e+00,8.195022294447049660e-01,8.906493887064720338e-01,1.055634838346690030e+00,7.265271395617877159e-01,7.994355574799771880e-01,9.354318868563614719e-01,5.289042886353659823e-01,6.669904159314146153e-01,8.890773589538187860e-01,4.115377903940759530e-01,6.037720042940164511e-01,9.251645459134801852e-01,4.351654009843200499e-01,6.228118728737196408e-01,9.688094844918065940e-01,4.824454108001830499e-01,6.528677512898002355e-01,1.063739267505352970e+00,6.825717544013406579e-01,7.412037351859168677e-01,1.055776174093017605e+00,6.411505235939151115e-01,7.245039335878840081e-01
-1.700348207792776511e+00,-1.095101746439564705e+00,-1.662484350722859938e+00,-1.626309266430093770e+00,-1.094393330890008009e+00,-1.575578716016664993e+00,-1.574975741633613646e+00,-9.202286250002642554e-01,-1.474698120236192844e+00,-1.626428761157901137e+00,-9.469694772513208569e-01,-1.511760611134856935e+00,-1.725586558936702097e+00,-1.163980171507270844e+00,-1.619772827994264031e+00,-1.803607163862433138e+00,-1.306367111260122504e+00,-1.695462712060625821e+00,-1.900321202266615606e+00,-1.514460686199785355e+00,-1.790168667848232920e+00,-1.959924727225306418e+00,-1.629482246232574871e+00,-1.847202667979035651e+00,-1.985599292899948853e+00,-1.621378074724550311e+00,-1.870328946798942793e+00,-1.984885672530960932e+00,-1.544046016800720622e+00,-1.864859660026796151e+00
-8.192607372127129750e-01,-1.075189305343614565e+00,-1.112678808222608673e+00,-5.196178217057101367e-01,-6.803957904908891630e-01,-7.847928974646164457e-01,-2.589746261723891441e-01,-2.908130182653943518e-01,-5.259321905835845357e-01,-2.817226686209811093e-01,-3.601474114843579155e-01,-5.697228933931991479e-01,-1.774613726478466713e-01,-1.701782214168959528e-01,-4.780414402240378835e-01,-1.503057561345117199e-01,-1.227294798405301063e-01,-4.688498919200206894e-01,-1.801481442924089960e-01,-2.110785523517731688e-01,-5.215195061485059513e-01,-2.174115092034293317e-01,-3.443711122590343843e-01,-5.835834265714648916e-01,-2.061026903797109344e-01,-3.471101005757969982e-01,-5.936156002595226466e-01,-2.039964241491976915e-01,-3.911911645240348512e-01,-6.119708094285591926e-01
-1.066187351866873634e+00,-6.243393436066804192e-01,-1.067392491006640798e+00,-1.029228827296298832e+00,-6.337870207320041027e-01,-1.023124010364732994e+00,-8.693441431716912859e-01,-2.838292346281814926e-01,-8.241047437799934317e-01,-7.640637034797976845e-01,3.413785983902843657e-02,-6.973821765771386350e-01,-8.915266959983716433e-01,-1.984527173596388749e-01,-8.386089297037230272e-01,-9.426271782725074155e-01,-2.469555575343203024e-01,-8.911982048445761251e-01,-9.617268523145836578e-01,-1.896354267560782791e-01,-9.061359676147757725e-01,-9.937585292138275683e-01,-1.647848528571028981e-01,-9.389337159248489773e-01,-1.057035835795383738e+00,-2.733655283893912102e-01,-1.011166307803137654e+00,-1.125650267064374210e+00,-4.579669989869306068e-01,-1.092249958532848231e+00
-4.964014120162510979e-01,3.564469829861245387e-01,-2.037631584987940336e-01,-3.399229575523282088e-01,6.534984172654604295e-01,-2.773751362874240720e-02,-2.600794347875657886e-01,9.637804208102667136e-01,8.496604749695488290e-02,-4.211465972102859667e-01,8.122951229901976822e-01,-8.125081184070943874e-02,-6.106539909757036089e-01,4.966833894439844910e-01,-2.899047084435128485e-01,-7.460029402024530576e-01,2.851920248890713050e-01,-4.301726607063102170e-01,-8.246160881926130060e-01,2.223616244697706745e-01,-4.990808005439926198e-01,-9.130573094057766736e-01,1.057403266288562960e-01,-5.821780830658550565e-01,-9.645505902831129630e-01,7.159222048876197342e-02,-6.260573434812489735e-01,-9.991881453857972550e-01,8.541084202240889489e-02,-6.525650310850693581e-01
1.773132866843659006e+00,1.627986470643161043e+00,1.596701828195700834e+00,2.329056399369305197e+00,2.569705216454195806e+00,2.171870354262964042e+00,1.763168410780563633e+00,1.929035302068432323e+00,1.543044250644332260e+00,1.570928195007752937e+00,1.761769795000375449e+00,1.326982043947155354e+00,1.434508508397483784e+00,1.632101672676205650e+00,1.180479580724816291e+00,1.221717003855481432e+00,1.296947537960960295e+00,9.470492439286649633e-01,1.078889534518022719e+00,1.038572836846061609e+00,7.819635136345303161e-01,1.005838573009495640e+00,8.860611718725249775e-01,6.914648258283313531e-01,9.624007256602580274e-01,7.636404889302391696e-01,6.346797349032590185e-01,9.367052312805517200e-01,6.907233236192712456e-01,5.981832722891239351e-01
-7.317577933214534092e-01,-9.431298341270584196e-01,-7.827239383633889380e-01,-7.118212325971757792e-01,-9.753890183202988950e-01,-7.561935962437587033e-01,-5.396708185140809411e-01,-7.656132828029550419e-01,-5.593224070670447245e-01,-4.235439140036057482e-01,-6.216103655521151294e-01,-4.322713943341353060e-01,-3.096753773974684210e-01,-4.348690217411838033e-01,-3.079728065119055613e-01,-2.265746521793502721e-01,-2.842767308746356192e-01,-2.165244344014247979e-01,-1.268547474906193684e-01,-5.987926896458502929e-02,-1.057758570846610152e-01,-8.738690456697130460e-02,4.777392602663575044e-02,-6.110554858650057986e-02,-1.241070199804021786e-03,3.283239369674588182e-01,3.668713488353515101e-02,-6.138874472649106379e-03,3.581074703436955553e-01,3.292666215095881727e-02
2.958862131486301172e-01,7.538703829620232444e-01,5.004795597962136133e-01,3.294768481072785637e-01,8.806233708318684794e-01,5.300690457317538407e-01,7.141127139363655507e-01,1.672267667808800429e+00,9.602897771156669871e-01,4.654561908072736287e-01,1.391123619425687519e+00,6.889992277016394606e-01,2.352996603563988487e-01,1.042000593184384538e+00,4.383061820984486823e-01,1.393622120354123806e-01,9.374827842854153159e-01,3.386031746918633512e-01,3.281137209977916941e-02,7.923804048566904790e-01,2.279059380952853653e-01,-7.710150473037820362e-02,5.961593916057771336e-01,1.134138728948331232e-01,-1.509926318959959879e-01,4.446828261283584105e-01,3.780279424643882141e-02,-2.211593708105699940e-01,2.713620844406396948e-01,-3.539893844307901577e-02
-1.411588448527041351e+00,-1.560435209130338619e+00,-1.312618408323994901e+00,-1.078095636051560779e+00,-1.122492737817967212e+00,-9.159419965067815417e-01,-8.956051523776585865e-01,-8.389243207848748884e-01,-6.688627405507530099e-01,-8.021168068550839081e-01,-6.753108906944625955e-01,-5.334118364020222769e-01,-6.893768449436770140e-01,-4.331969858194313905e-01,-3.838036730809147312e-01,-6.531869928634035372e-01,-3.256402613639485244e-01,-3.191300871727897337e-01,-5.911773742188791703e-01,-1.131668308249089983e-01,-2.189018858699317283e-01,-5.556837865968294876e-01,6.803265364529463566e-02,-1.503313327944824362e-01,-5.032746881784168069e-01,3.379941272502036131e-01,-6.393674647872786554e-02,-4.456781929497253270e-01,6.995531142809168212e-01,2.818857123701528147e-02
-5.760583830434411468e-01,-1.346956268551160740e-01,-5.032089320236600161e-01,-5.684252722475616748e-01,-1.426333528533662576e-01,-4.963602712542131701e-01,-3.494879532139390510e-01,3.202098052973446074e-01,-2.382797919663525721e-01,-5.580510370049439617e-01,-2.025602266972907281e-02,-4.650865210341000311e-01,-6.289471511543218707e-01,-1.346842257964434575e-01,-5.410548416487042100e-01,-6.445782855095280039e-01,-1.183618796834149528e-01,-5.524324620632097282e-01,-5.971061278485145785e-01,9.413025993419135706e-02,-4.903699657817415236e-01,-5.342307680942272041e-01,4.082465858469884745e-01,-4.113831506712583574e-01,-4.923595574520298057e-01,6.968125116564823918e-01,-3.574138530710797013e-01,-5.640234106207346887e-01,6.007781851372305804e-01,-4.360179073307346442e-01
-2.106434463132520030e+00,-2.410489106166022744e+00,-2.264812669749518559e+00,-1.984044703668220500e+00,-2.410936417313426006e+00,-2.114613812665772308e+00,-1.968342167872587645e+00,-2.528090001829578881e+00,-2.062563527767948823e+00,-1.900896002514594452e+00,-2.542552442834582926e+00,-1.979250950306266077e+00,-1.799773713305789835e+00,-2.440497164378144568e+00,-1.867830810349860204e+00,-1.695450350040933696e+00,-2.278563399355728603e+00,-1.746865537150239955e+00,-1.558732283145767283e+00,-1.977286041366687064e+00,-1.586883232907391639e+00,-1.555581918337250347e+00,-2.056888716450560040e+00,-1.583922488273704632e+00,-1.551120328889132649e+00,-2.112911078737155002e+00,-1.583191311496805476e+00,-1.519643728756608692e+00,-2.125187075384898705e+00,-1.552611023108224853e+00
-2.117529993947487588e-01,-1.306335437314898040e-01,-4.777560485217685615e-01,-2.720915985251445846e-01,-2.236620355296149443e-01,-5.278833208964978096e-01,-2.590342784526946107e-01,-2.099351200205523404e-01,-5.259932244275623558e-01,-1.368395987424727012e-01,1.578024826285959539e-02,-4.213946576902507513e-01,-2.261491927081686060e-01,-1.604405685115709024e-01,-5.281352874998042068e-01,-2.530153913698753865e-01,-2.292807742226224132e-01,-5.748441130174508640e-01,-3.102334792434997546e-01,-3.923884296785339343e-01,-6.561969888682805951e-01,-3.936254573723025896e-01,-6.742168822905656445e-01,-7.672591033020390583e-01,-4.309175673586057576e-01,-8.601134400575344285e-01,-8.299341774051494092e-01,-4.432296910317793937e-01,-1.022242524857045476e+00,-8.657699628027537564e-01
-2.269330258983845439e-01,3.308250139070546547e-01,1.227290476713443212e-01,-3.160794014856999762e-02,6.901925652268127154e-01,3.432417823720130268e-01,7.313960358574476961e-02,1.003268411055185716e+00,4.802137879092312489e-01,-8.604355930210365322e-02,8.399237526506451168e-01,3.164719736113162374e-01,-1.088266805332880477e-01,9.105662005758051736e-01,3.086643538072652571e-01,-2.372414873311409489e-01,7.340331929356745944e-01,1.784962443808138788e-01,-2.953616940560411797e-01,7.322184836764100702e-01,1.361434054647341352e-01,-3.040265181031598374e-01,8.824811780731567357e-01,1.537689058772614137e-01,-3.261107498082883582e-01,9.812240525818110015e-01,1.519589860959404126e-01,-4.213233041697243553e-01,8.216498914392339481e-01,5.814228426090830432e-02
2.140089016955783185e-01,-3.869709924074882790e-01,2.762737307937583875e-01,4.966087538269506330e-01,8.882723388419600657e-03,5.875687826310820316e-01,5.435814233821806285e-01,3.569237695277302502e-02,6.281271676086204181e-01,4.596620098924277809e-01,-1.635590225008623777e-01,5.364749381570289577e-01,5.317502851964189814e-01,-9.489599433742575141e-02,6.195438497064357231e-01,7.104851927090829466e-01,1.767314877834146314e-01,8.195244209222667386e-01,7.962933930500315505e-01,2.905162512995837498e-01,9.181769868669539258e-01,7.760765159803176827e-01,1.691180199155898345e-01,9.031612583522884430e-01,7.991347947267821716e-01,1.461896873325778667e-01,9.380687728259007319e-01,8.156041674467731095e-01,1.109845623219632704e-01,9.669259392318606539e-01
-4.934804959898323462e-01,5.814662713765392787e-01,-2.002241299276064646e-01,-5.393872182906491730e-01,5.060964270556216338e-01,-2.677424009972684815e-01,-5.294019681263899546e-01,6.765445753994063782e-01,-2.344908576785055820e-01,-3.873259753873238842e-01,1.219733749238600007e+00,-4.111022701905366061e-02,-5.285245965682904279e-01,1.065961450936802946e+00,-1.919424940109633326e-01,-6.927199738462298528e-01,8.387478484429304881e-01,-3.664263123758689789e-01,-8.060610733646087489e-01,7.535274972847083585e-01,-4.768106131026068617e-01,-9.257857117164943750e-01,6.179920588645482216e-01,-5.975589627987075714e-01,-9.992892086562848997e-01,5.804611740147563870e-01,-6.683905605642819214e-01,-1.067381736331317610e+00,5.468019729197297618e-01,-7.364353074678655631e-01
-6.538902443101438644e-01,-2.645854539554448048e-01,-3.945791463909759655e-01,-6.732271445415364264e-01,-3.306617908050066279e-01,-4.287849672512669685e-01,-5.124297166130206138e-01,1.362403118336886175e-03,-2.143592226641439225e-01,-4.420451892680533623e-01,2.220827577361139671e-01,-1.060546641039603055e-01,-4.929210361130460516e-01,1.764699147940986257e-01,-1.494753158581915709e-01,-5.325797235219050796e-01,1.609276861358620858e-01,-1.748387023571119359e-01,-5.508185757932053672e-01,2.172601925010087531e-01,-1.704622584063952839e-01,-5.819300478377700259e-01,2.435429425353810851e-01,-1.820470640959651887e-01,-5.815385947156310742e-01,3.648763670523940128e-01,-1.593108027988499598e-01,-5.813040658968734453e-01,5.146220214717220909e-01,-1.386156590582170722e-01
1.001598479618170057e+00,1.049631239196196386e+00,7.903503830259767104e-01,9.078511526321041414e-01,1.033585981585705138e+00,6.967893165286541679e-01,1.215690859508448796e+00,1.605848247114384453e+00,9.828869645455304838e-01,1.008933829777321156e+00,1.385978699326455787e+00,7.516240484302898484e-01,9.639778143446536829e-01,1.404608235699766006e+00,6.963607046437042536e-01,7.874726891303187593e-01,1.128297159811769479e+00,4.989180846678332726e-01,6.992705878205713876e-01,9.999813292552621746e-01,3.889436228592405564e-01,6.182116200593308353e-01,8.544908136698812218e-01,2.874239219045369165e-01,5.791306861384891702e-01,7.769209430471766265e-01,2.317978988811882357e-01,5.622659911682906797e-01,7.751052465626159238e-01,2.009460344713101809e-01
-1.577417451204795318e-01,-3.488325501122387789e-02,2.065623100230726816e-01,-1.276438648860273584e-01,2.303651916272238948e-02,2.276867891384950215e-01,-1.499179708049005189e-01,3.252542741265854989e-04,2.156340607419746369e-01,-1.006169501571693020e-01,1.104063838376642126e-01,2.991752948329358119e-01,-1.960408520765032359e-01,-6.943640265173411930e-02,2.046371241421874043e-01,-2.152710369697811987e-01,-1.102363670807726265e-01,2.047811169674615683e-01,-1.808158426016052700e-01,-2.053887541635596864e-02,2.736241677368001501e-01,-1.762811153205903758e-01,3.482943461524157062e-03,3.081352299970597231e-01,-2.090076933021945416e-01,-9.089262809692078005e-02,2.946632542653312425e-01,-2.180563655996415884e-01,-1.263987434698223000e-01,3.081372483181230582e-01
2.439483772240938819e+00,6.716353216851512764e-01,2.293123173055624076e+00,2.461674136814769209e+00,8.379592410636620414e-01,2.309515434185191562e+00,2.854768215799481368e+00,1.261177823913363527e+00,2.659925815677595118e+00,3.184509417145274135e+00,1.664100787459135589e+00,2.978932517137463876e+00,3.261458684272179998e+00,1.806621045472622811e+00,3.060189187302253089e+00,3.271577142781054715e+00,1.820346819972906705e+00,3.062462547521789258e+00,3.249634133134872371e+00,1.760249067800245149e+00,3.029337656762804531e+00,3.176297798877405487e+00,1.581896179250618095e+00,2.953831518533915901e+00,3.139660729351423374e+00,1.426139631661709650e+00,2.923349386408050421e+00,3.119690633538583224e+00,1.326060597716192779e+00,2.914081283217684337e+00
9.195172593504982173e-01,1.174645626771473994e+00,7.045650808022562162e-01,1.430482190856172453e+00,2.068555898880838129e+00,1.239232525196509505e+00,9.503789711586125843e-01,1.468866313987794214e+00,7.114303778736785766e-01,6.382239430140791425e-01,1.044689116364061032e+00,3.720990735154106055e-01,4.678407442436102182e-01,7.903021349418527519e-01,1.858959808853705153e-01,3.564512293008093580e-01,6.029058117488863555e-01,5.411284505993160798e-02,3.273577204358658621e-01,5.758648746672531127e-01,3.901844020010813551e-03,2.924635624029239267e-01,5.233640661983763875e-01,-5.211784283914391164e-02,2.572995838862765505e-01,4.432352979240807844e-01,-1.065011905184508195e-01,2.416350474306594165e-01,4.217788334772852310e-01,-1.392067508272307186e-01
4.531621036303054018e-01,-5.776215534702425214e-02,2.171647004645406442e-01,7.471450926442954055e-01,3.824842776872710015e-01,5.299911272584991728e-01,6.802269719071956100e-01,2.774951707635476827e-01,4.350215819637536785e-01,8.664641020745350586e-01,5.554413392171211328e-01,6.057665416218390719e-01,9.199213835222332936e-01,6.589395554043807612e-01,6.510319937998130246e-01,1.070257477366875820e+00,9.515996037982696887e-01,7.907461424605596312e-01,1.059879273216709050e+00,9.459837880138166621e-01,7.622821703157878215e-01,1.043442470092872831e+00,9.213118831927941121e-01,7.306610490346638898e-01,1.071032088816984640e+00,9.979487047365954711e-01,7.488697276633786704e-01,1.105557317021799157e+00,1.148531794759430680e+00,7.773160365782513237e-01
9.653817863652779385e-01,3.736477558982125857e-01,7.524993378525318688e-01,1.042509568011187771e+00,5.576345535672699860e-01,8.365524334697536091e-01,1.505187450266086469e+00,1.226058112266289468e+00,1.279088378168520945e+00,1.418380856758258979e+00,1.144677891351262078e+00,1.170807291695546759e+00,1.271973578871320454e+00,9.373781928821099951e-01,1.013250899576771724e+00,1.136347435583695331e+00,6.809137626718578806e-01,8.589496136100837065e-01,1.048660897119576996e+00,4.574190139683934619e-01,7.506677738618499074e-01,1.024678181422729484e+00,3.292174171345951250e-01,7.111021919993880669e-01,1.034782804654144961e+00,2.677176343905570688e-01,7.107655800596868190e-01,1.065101408562583840e+00,2.710520342838125818e-01,7.343969415471567341e-01
